timestamp,host,level,message,warning_count,http_method,msg_length,error_count,http_status,timestamp_delta,status_5xx,unique_terms,entropy,suspect_ua,anomaly_score,anomaly
2025-02-05 17:44:24,db-76.sloan.biz,INFO,kube-system/pod-6431/container-4703 Network latency within acceptable range,0,,75,0,,-1155273.0,0,6,3.195899762136119,False,-0.02871861057661529,-1
2025-02-12 10:53:53,laptop-22.conner-taylor.com,INFO,default/pod-4477/container-5030 Network latency within acceptable range,0,,71,0,,-323455.0,0,6,3.121331375690317,False,-0.016998195647730863,-1
2025-02-09 15:50:49,srv-63.wood-dixon.com,INFO,default/pod-8285/container-3686 Network latency within acceptable range,0,,71,0,,-408715.0,0,6,3.1139616835246193,False,-0.0020068418493850437,-1
2025-02-07 17:41:29,email-88.thomas.com,INFO,kube-system/pod-3389/container-7544 Network latency within acceptable range,0,,75,0,,-862974.0,0,6,3.1958997621361185,False,-0.011547104857077217,-1
2025-02-09 12:45:42,srv-89.thompson-taylor.net,INFO,development/pod-5958/container-2146 Network latency within acceptable range,0,,75,0,,105903.0,0,6,3.1364789387405807,False,-0.002022612654545841,-1
2025-02-11 11:07:49,email-78.patel.com,INFO,default/pod-9198/container-3196 Network latency within acceptable range,0,,71,0,,-12460.0,0,6,3.1139616835246193,False,-5.6384939938869394e-05,-1
2025-02-12 19:28:38,srv-31.davis-robinson.info,INFO,development/pod-9363/container-6431 Network latency within acceptable range,0,,75,0,,353953.0,0,6,3.0925344471938567,False,-0.015404279444295288,-1
2025-02-05 20:49:07,desktop-38.schmitt-wilkins.net,INFO,development/pod-4794/container-3643 Network latency within acceptable range,0,,75,0,,-188050.0,0,6,3.092534447193857,False,-0.015404279444295288,-1
2025-02-08 12:55:37,desktop-37.coleman.net,INFO,kube-system/pod-7667/container-7426 Health check passed,0,,55,0,,-990644.0,0,4,3.1151394970557904,False,-0.007803367319378307,-1
2025-02-03 14:26:47,web-56.gilbert.biz,INFO,kube-system/pod-7112/container-9529 Network latency within acceptable range,0,,75,0,,-1427051.0,0,6,3.1774158373211865,False,-0.02871861057661529,-1
2025-02-04 23:26:37,laptop-84.evans.com,INFO,development/pod-2811/container-2889 Network latency within acceptable range,0,,75,0,,-1262309.0,0,6,3.0740505223789256,False,-0.015404279444295288,-1
2025-02-07 22:06:10,laptop-15.levine.biz,INFO,kube-system/pod-4916/container-5788 Health check passed,0,,55,0,,-753869.0,0,4,3.209782758344677,False,-0.007803367319378307,-1
2025-02-04 23:10:16,web-76.abbott-martinez.com,INFO,development/pod-7325/container-1924 Network latency within acceptable range,0,,75,0,,-568903.0,0,6,3.1364789387405816,False,-0.015404279444295288,-1
2025-02-09 21:35:40,web-08.bailey.com,INFO,kube-system/pod-5706/container-8241 Network latency within acceptable range,0,,75,0,,-125119.0,0,6,3.232867611765982,False,-0.02871861057661529,-1
2025-02-15 01:40:53,email-79.myers.org,INFO,development/pod-8977/container-2178 Network latency within acceptable range,0,,75,0,,847144.0,0,6,3.0925344471938567,False,-0.015404279444295288,-1
2025-02-05 12:36:50,srv-32.williams.com,INFO,kube-system/pod-4750/container-7727 Health check passed,0,,55,0,,349113.0,0,4,3.134166702283592,False,-0.007803367319378307,-1
2025-02-19 18:44:14,db-43.palmer.com,INFO,kube-system/pod-8912/container-7281 Network latency within acceptable range,0,,75,0,,1231644.0,0,6,3.177415837321187,False,-0.009340293732581662,-1
2025-02-14 09:33:02,db-27.lee.info,INFO,kube-system/pod-7547/container-5884 Network latency within acceptable range,0,,75,0,,359513.0,0,6,3.1589319125062554,False,-0.02871861057661529,-1
2025-02-06 23:22:24,laptop-95.torres.com,INFO,default/pod-7137/container-6772 Network latency within acceptable range,0,,71,0,,482661.0,0,6,3.101806102998488,False,-0.004312760721540132,-1
2025-02-04 13:00:25,desktop-21.gross.org,INFO,production/pod-6623/container-6918 Network latency within acceptable range,0,,74,0,,-225004.0,0,6,3.100633618591274,False,-0.0010974720620711698,-1
2025-02-14 03:14:15,db-65.trevino.com,INFO,production/pod-9254/container-2771 Network latency within acceptable range,0,,74,0,,483701.0,0,6,3.1077045394529574,False,-0.013436702966529934,-1
2025-02-13 23:02:11,email-72.evans.biz,INFO,production/pod-2580/container-9827 Network latency within acceptable range,0,,74,0,,-125519.0,0,6,3.1077045394529574,False,-0.013436702966529934,-1
2025-02-07 01:37:50,web-49.mccall-hunt.com,INFO,default/pod-4685/container-3233 Network latency within acceptable range,0,,71,0,,-519902.0,0,6,3.1334869562164487,False,-0.016998195647730863,-1
2025-02-09 15:24:12,email-58.poole.info,INFO,development/pod-2109/container-2518 Network latency within acceptable range,0,,75,0,,318019.0,0,6,3.1179950139256496,False,-0.015404279444295288,-1
2025-02-12 08:24:47,web-50.hopkins.net,INFO,kube-system/pod-6074/container-2562 Health check passed,0,,55,0,,-526249.0,0,4,3.1845774063243155,False,-0.007803367319378307,-1
2025-02-07 01:56:41,web-23.sparks-williams.info,INFO,kube-system/pod-6816/container-6405 Network latency within acceptable range,0,,75,0,,-129677.0,0,6,3.188923120219257,False,-0.02871861057661529,-1
2025-02-03 04:39:27,srv-49.peterson.com,INFO,kube-system/pod-3064/container-8770 Network latency within acceptable range,0,,75,0,,-506952.0,0,6,3.1958997621361185,False,-0.02871861057661529,-1
2025-02-16 05:43:48,email-94.wilson-porter.com,INFO,kube-system/pod-9758/container-6407 Network latency within acceptable range,0,,75,0,,513287.0,0,6,3.21438368695105,False,-0.02871861057661529,-1
2025-02-13 21:02:04,lt-60.walter.com,INFO,kube-system/pod-7012/container-6619 Health check passed,0,,55,0,,36392.0,0,4,3.1845774063243155,False,-0.007803367319378307,-1
2025-02-04 01:03:52,desktop-00.chavez.info,INFO,production/pod-8641/container-7565 Network latency within acceptable range,0,,74,0,,-1144091.0,0,6,3.1077045394529574,False,-0.0037048190020603777,-1
2025-02-07 20:16:35,web-02.monroe-peterson.net,INFO,default/pod-1161/container-7147 Network latency within acceptable range,0,,71,0,,365124.0,0,6,3.0822808303066584,False,-0.016998195647730863,-1
2025-02-07 23:41:15,db-44.holder.com,INFO,default/pod-9418/container-3328 Network latency within acceptable range,0,,71,0,,-244476.0,0,6,3.1408566483821465,False,-0.016998195647730863,-1
2025-02-15 11:37:24,email-39.deleon.org,INFO,production/pod-3771/container-3211 Network latency within acceptable range,0,,74,0,,20443.0,0,6,3.063166203425872,False,-0.003934713717544669,-1
2025-02-10 06:48:45,email-85.hoffman.biz,INFO,development/pod-7857/container-6246 Network latency within acceptable range,0,,75,0,,-290792.0,0,6,3.117995013925649,False,-0.015404279444295288,-1
2025-02-02 10:54:41,email-43.santana.com,INFO,default/pod-2298/container-3429 Network latency within acceptable range,0,,71,0,,-676444.0,0,6,3.1139616835246193,False,-0.00665612528669729,-1
2025-02-02 21:34:14,laptop-43.barnes.org,INFO,production/pod-4251/container-1640 Network latency within acceptable range,0,,74,0,,-774869.0,0,6,3.1077045394529574,False,-0.0018769958625777239,-1
2025-02-19 00:23:31,email-40.powers.org,INFO,development/pod-2012/container-1407 Network latency within acceptable range,0,,75,0,,1453069.0,0,6,3.0995110891107176,False,-0.015404279444295288,-1
2025-02-17 08:34:01,db-72.bell.org,INFO,kube-system/pod-6818/container-6287 Health check passed,0,,55,0,,-292179.0,0,4,3.149858451690053,False,-0.007803367319378307,-1
2025-02-07 13:11:36,db-83.curry.com,INFO,development/pod-7097/container-4747 Network latency within acceptable range,0,,75,0,,-584125.0,0,6,3.062543239480854,False,-0.015404279444295288,-1
2025-02-18 15:29:20,laptop-26.crawford-hudson.com,INFO,kube-system/pod-5393/container-8017 Health check passed,0,,55,0,,581499.0,0,4,3.2097827583446774,False,-0.007803367319378307,-1
2025-02-18 20:38:54,web-74.santos.com,INFO,default/pod-1291/container-7754 Network latency within acceptable range,0,,71,0,,1006826.0,0,6,3.1408566483821465,False,-0.016998195647730863,-1
2025-02-10 14:56:04,db-81.jimenez.biz,INFO,kube-system/pod-5830/container-3327 Health check passed,0,,55,0,,-393629.0,0,4,3.1750638037104144,False,-0.007803367319378307,-1
2025-02-12 11:57:30,laptop-39.powell-russell.com,INFO,development/pod-5447/container-5499 Network latency within acceptable range,0,,75,0,,-190775.0,0,6,3.074050522378925,False,-0.015404279444295288,-1
2025-02-06 19:29:22,srv-86.davis.org,INFO,development/pod-6240/container-4906 Network latency within acceptable range,0,,75,0,,-646084.0,0,6,3.0995110891107185,False,-0.015404279444295288,-1
2025-02-03 06:02:55,srv-12.oliver.com,INFO,production/pod-3077/container-3102 Network latency within acceptable range,0,,74,0,,-1163131.0,0,6,3.0889708318702565,False,-0.013436702966529934,-1
2025-02-08 14:52:22,web-87.baker.net,INFO,default/pod-8098/container-7632 Network latency within acceptable range,0,,71,0,,-925383.0,0,6,3.160381921073976,False,-0.016998195647730863,-1
2025-02-02 17:31:51,db-22.barrett.info,INFO,production/pod-6512/container-3088 Failed login attempt from 192.168.1.1,0,,72,1,192.0,-1014680.0,0,6,3.1828133553951035,False,-0.0014153167676513312,-1
2025-02-02 16:53:47,lt-10.vaughn.org,INFO,development/pod-6174/container-4196 Network latency within acceptable range,0,,75,0,,-500597.0,0,6,3.0995110891107185,False,-0.015404279444295288,-1
2025-02-02 01:57:18,db-13.diaz.net,INFO,kube-system/pod-5567/container-1318 Network latency within acceptable range,0,,75,0,,-478191.0,0,6,3.1958997621361185,False,-0.011944781313698971,-1
2025-02-06 09:42:01,web-58.moore.biz,INFO,kube-system/pod-2520/container-3917 Health check passed,0,,55,0,,-947532.0,0,4,3.2097827583446774,False,-0.007803367319378307,-1
2025-02-07 17:44:27,lt-89.hoffman-scott.com,INFO,default/pod-6029/container-6024 Network latency within acceptable range,0,,71,0,,339249.0,0,6,3.1213313756903167,False,-0.0002897968011408847,-1
2025-02-13 23:48:38,db-23.harris.com,INFO,kube-system/pod-5163/container-2159 Network latency within acceptable range,0,,75,0,,-504956.0,0,6,3.195899762136119,False,-0.012502992505775856,-1
2025-02-08 19:36:28,web-27.gill.com,INFO,default/pod-7590/container-9394 Network latency within acceptable range,0,,71,0,,278347.0,0,6,3.1334869562164487,False,-0.0002897968011408847,-1
2025-02-13 16:46:26,db-01.ayala.com,INFO,kube-system/pod-1542/container-9049 Network latency within acceptable range,0,,75,0,,72341.0,0,6,3.1958997621361185,False,-0.02871861057661529,-1
2025-02-19 17:19:08,desktop-13.mann.com,INFO,kube-system/pod-1205/container-1665 Network latency within acceptable range,0,,75,0,,905222.0,0,6,3.1774158373211874,False,-0.02871861057661529,-1
2025-02-02 05:07:55,laptop-75.tate.org,INFO,kube-system/pod-6352/container-2518 Network latency within acceptable range,0,,75,0,,-992175.0,0,6,3.195899762136119,False,-0.013634027826303075,-1
2025-02-17 13:25:27,desktop-84.olsen.com,INFO,production/pod-4782/container-9715 Network latency within acceptable range,0,,74,0,,1090056.0,0,6,3.1264382470356584,False,-0.013436702966529934,-1
2025-02-08 23:16:30,web-19.woods-holloway.com,INFO,production/pod-1939/container-7691 Network latency within acceptable range,0,,74,0,,563746.0,0,6,3.081899911008573,False,-0.013436702966529934,-1
2025-02-20 14:45:58,db-99.morton.com,INFO,kube-system/pod-1556/container-1018 Network latency within acceptable range,0,,75,0,,297664.0,0,6,3.170439195404326,False,-0.02871861057661529,-1
2025-02-18 15:18:39,web-25.mcintosh-walton.net,INFO,default/pod-6328/container-4262 Network latency within acceptable range,0,,71,0,,229294.0,0,6,3.1139616835246193,False,-0.016998195647730863,-1
2025-02-15 03:36:43,email-94.perez.com,INFO,development/pod-1506/container-8044 Network latency within acceptable range,0,,75,0,,1072023.0,0,6,3.11799501392565,False,-0.015404279444295288,-1
2025-02-11 11:32:19,web-90.warren.net,INFO,default/pod-8278/container-6238 Network latency within acceptable range,0,,71,0,,37780.0,0,6,3.1139616835246193,False,-0.016998195647730863,-1
2025-02-06 18:51:36,desktop-78.mcclure-lee.com,INFO,default/pod-4199/container-7389 Network latency within acceptable range,0,,71,0,,-540936.0,0,6,3.1334869562164487,False,-0.0002897968011408847,-1
2025-02-13 16:22:08,srv-07.luna.com,INFO,production/pod-9173/container-5883 Failed login attempt from 192.168.1.1,0,,72,1,192.0,-509411.0,0,6,3.1828133553951035,False,-0.0014153167676513312,-1
2025-02-14 15:32:03,srv-81.baker-barnett.net,INFO,kube-system/pod-3196/container-1496 Network latency within acceptable range,0,,75,0,,1162866.0,0,6,3.177415837321187,False,-0.00910076050006281,-1
2025-02-02 23:30:24,lt-61.moon-norris.info,INFO,default/pod-6588/container-6196 Network latency within acceptable range,0,,71,0,,-1048035.0,0,6,3.1139616835246193,False,-0.016998195647730863,-1
2025-02-16 15:06:14,email-88.rogers-bishop.net,INFO,kube-system/pod-5946/container-8970 Health check passed,0,,55,0,,792904.0,0,4,3.2097827583446774,False,-0.007803367319378307,-1
2025-02-18 17:48:50,lt-15.turner.biz,INFO,kube-system/pod-6355/container-5795 Failed login attempt from 192.168.1.1,0,,73,1,192.0,765066.0,0,6,3.3090556451903743,False,-0.004135333297714039,-1
2025-02-17 02:19:40,laptop-50.case.com,INFO,development/pod-2140/container-4371 Network latency within acceptable range,0,,75,0,,455612.0,0,6,3.1179950139256496,False,-0.015404279444295288,-1
2025-02-02 21:15:38,laptop-61.williams.com,INFO,production/pod-5116/container-4319 Network latency within acceptable range,0,,74,0,,-600979.0,0,6,3.100633618591274,False,-0.013436702966529934,-1
2025-02-13 01:29:04,web-74.walker-martinez.com,INFO,kube-system/pod-8296/container-6993 Network latency within acceptable range,0,,75,0,,522227.0,0,6,3.170439195404326,False,-0.02871861057661529,-1
2025-02-08 13:24:33,db-58.frost.com,INFO,kube-system/pod-3043/container-4580 Network latency within acceptable range,0,,75,0,,-389071.0,0,6,3.177415837321187,False,-0.00910076050006281,-1
2025-02-15 18:13:21,email-43.barker.biz,INFO,kube-system/pod-9221/container-8936 Health check passed,0,,55,0,,-136817.0,0,4,3.1845774063243155,False,-0.007803367319378307,-1
2025-02-05 19:32:19,lt-44.stewart-riley.com,INFO,default/pod-8524/container-5444 Network latency within acceptable range,0,,71,0,,-677969.0,0,6,3.082280830306658,False,-0.016998195647730863,-1
2025-02-14 23:19:46,laptop-76.gordon.biz,INFO,kube-system/pod-5120/container-5210 Network latency within acceptable range,0,,75,0,,893814.0,0,6,3.158931912506256,False,-0.02871861057661529,-1
2025-02-13 15:03:07,email-78.diaz.com,INFO,kube-system/pod-9984/container-8407 Network latency within acceptable range,0,,75,0,,-66888.0,0,6,3.177415837321187,False,-0.009340293732581662,-1
2025-02-19 23:41:53,desktop-22.clay.com,INFO,default/pod-9730/container-1408 Network latency within acceptable range,0,,71,0,,1602648.0,0,6,3.160381921073976,False,-5.6384939938869394e-05,-1
2025-02-02 03:18:16,web-78.brown.net,INFO,default/pod-7802/container-2048 Network latency within acceptable range,0,,71,0,,-576482.0,0,6,3.1213313756903167,False,-0.016998195647730863,-1
2025-02-14 14:06:29,laptop-59.graham-santana.com,INFO,production/pod-5975/container-1180 Network latency within acceptable range,0,,74,0,,362498.0,0,6,3.1077045394529574,False,-0.0013315885469152855,-1
2025-02-12 21:55:49,web-95.phillips-ward.com,INFO,production/pod-2376/container-4473 Network latency within acceptable range,0,,74,0,,133523.0,0,6,3.0889708318702565,False,-0.00302338691338655,-1
2025-02-15 05:49:50,laptop-54.rhodes-baker.biz,INFO,production/pod-6791/container-5368 Network latency within acceptable range,0,,74,0,,430277.0,0,6,3.1264382470356584,False,-0.013436702966529934,-1
2025-02-13 12:42:48,db-82.munoz-barnett.com,INFO,development/pod-4764/container-8855 Network latency within acceptable range,0,,75,0,,-84457.0,0,6,3.0995110891107176,False,-0.015404279444295288,-1
2025-02-03 03:11:33,laptop-19.white-robbins.com,INFO,kube-system/pod-9863/container-2823 Network latency within acceptable range,0,,75,0,,113717.0,0,6,3.1774158373211874,False,-0.02871861057661529,-1
2025-02-09 02:37:17,laptop-87.boyd-simmons.com,INFO,production/pod-1544/container-4391 Network latency within acceptable range,0,,74,0,,393618.0,0,6,3.081899911008573,False,-0.013436702966529934,-1
2025-02-11 07:36:39,email-70.wright.com,INFO,kube-system/pod-9768/container-7047 Network latency within acceptable range,0,,75,0,,-510228.0,0,6,3.188923120219258,False,-0.012367740605305266,-1
2025-02-05 21:44:57,web-60.walters.com,INFO,default/pod-7929/container-1144 Network latency within acceptable range,0,,71,0,,-678620.0,0,6,3.121331375690317,False,-0.016998195647730863,-1
2025-02-04 07:31:19,email-33.cantu.com,INFO,kube-system/pod-7894/container-8915 Network latency within acceptable range,0,,75,0,,-13568.0,0,6,3.195899762136119,False,-0.02871861057661529,-1
2025-02-03 16:17:00,laptop-88.vasquez.com,INFO,default/pod-5322/container-9111 Network latency within acceptable range,0,,71,0,,-761531.0,0,6,3.113961683524619,False,-0.0017601389693375769,-1
2025-02-18 08:09:37,db-77.morales.com,INFO,production/pod-7962/container-9826 Failed login attempt from 192.168.1.1,0,,72,1,192.0,1444900.0,0,6,3.1452665879895783,False,-0.0014153167676513312,-1
2025-02-06 05:15:14,db-22.davis.com,INFO,kube-system/pod-3849/container-5641 Network latency within acceptable range,0,,75,0,,-1204622.0,0,6,3.21438368695105,False,-0.02871861057661529,-1
2025-02-04 03:32:21,lt-99.baker.com,INFO,kube-system/pod-6495/container-8174 Network latency within acceptable range,0,,75,0,,-902544.0,0,6,3.21438368695105,False,-0.02871861057661529,-1
2025-02-10 01:18:09,db-37.perez.com,INFO,development/pod-4469/container-1779 Network latency within acceptable range,0,,75,0,,-10451.0,0,6,3.099511089110718,False,-0.015404279444295288,-1
2025-02-10 01:35:39,email-46.foster.com,INFO,default/pod-7956/container-3763 Network latency within acceptable range,0,,71,0,,-823194.0,0,6,3.121331375690317,False,-0.0002897968011408847,-1
2025-02-05 07:39:33,srv-42.jones-lee.com,INFO,default/pod-9717/container-9174 Network latency within acceptable range,0,,71,0,,-410166.0,0,6,3.0944364108327895,False,-0.0002897968011408847,-1
2025-02-12 00:02:52,email-68.cardenas.com,INFO,default/pod-3526/container-1718 Network latency within acceptable range,0,,71,0,,-638133.0,0,6,3.1603819210739763,False,-0.0002897968011408847,-1
2025-02-15 01:39:12,laptop-84.knight.biz,INFO,kube-system/pod-6098/container-7253 Network latency within acceptable range,0,,75,0,,155119.0,0,6,3.232867611765982,False,-0.009340293732581662,-1
2025-02-04 22:47:46,db-54.carroll-walker.com,INFO,production/pod-5215/container-1331 Network latency within acceptable range,0,,74,0,,229214.0,0,6,3.063166203425872,False,-0.0053931969449367845,-1
2025-02-15 16:32:08,srv-96.ross.org,INFO,kube-system/pod-5607/container-8633 Network latency within acceptable range,0,,75,0,,391316.0,0,6,3.1958997621361185,False,-0.02871861057661529,-1
2025-02-20 08:47:14,web-98.lambert.com,INFO,development/pod-5623/container-3954 Network latency within acceptable range,0,,75,0,,1306230.0,0,6,3.1179950139256496,False,-0.0012837482495816621,-1
2025-02-18 15:44:28,db-56.mitchell.com,INFO,development/pod-9198/container-5881 Network latency within acceptable range,0,,75,0,,-60009.0,0,6,3.0740505223789256,False,-0.015404279444295288,-1
2025-02-06 10:56:32,laptop-89.moore-jones.com,INFO,production/pod-3661/container-7077 Network latency within acceptable range,0,,74,0,,-94496.0,0,6,3.081899911008573,False,-0.013436702966529934,-1
2025-02-03 08:51:46,lt-36.nelson-arellano.biz,INFO,kube-system/pod-1610/container-2244 Network latency within acceptable range,0,,75,0,,-137906.0,0,6,3.177415837321187,False,-0.02871861057661529,-1
2025-02-02 11:56:07,db-47.davis-valdez.com,INFO,production/pod-3846/container-9555 Network latency within acceptable range,0,,74,0,,-430463.0,0,6,3.100633618591274,False,-0.013436702966529934,-1
2025-02-16 11:18:40,laptop-25.hayes.net,INFO,kube-system/pod-8254/container-5408 Network latency within acceptable range,0,,75,0,,97766.0,0,6,3.177415837321187,False,-0.02871861057661529,-1
2025-02-05 04:55:43,desktop-32.miller.com,INFO,production/pod-5433/container-6875 Network latency within acceptable range,0,,74,0,,80314.0,0,6,3.1077045394529574,False,-0.013436702966529934,-1
2025-02-03 22:37:28,srv-75.oliver.info,INFO,production/pod-4280/container-1921 Network latency within acceptable range,0,,74,0,,-193135.0,0,6,3.1077045394529574,False,-0.013436702966529934,-1
2025-02-13 05:06:02,email-55.fisher.com,INFO,kube-system/pod-8000/container-5595 Health check passed,0,,55,0,,800914.0,0,4,3.1151394970557904,False,-0.007803367319378307,-1
2025-02-10 10:05:14,web-60.jackson.com,INFO,development/pod-3651/container-7429 Network latency within acceptable range,0,,75,0,,-246213.0,0,6,3.1549628635555127,False,-0.015404279444295288,-1
2025-02-16 07:10:28,laptop-33.howe.biz,INFO,production/pod-7082/container-2952 Network latency within acceptable range,0,,74,0,,632299.0,0,6,3.100633618591274,False,-0.013436702966529934,-1
2025-02-02 15:04:27,web-32.perez-maxwell.info,INFO,kube-system/pod-6700/container-2551 Network latency within acceptable range,0,,75,0,,-700051.0,0,6,3.1958997621361185,False,-0.02871861057661529,-1
2025-02-15 10:11:21,laptop-42.johnson.biz,INFO,default/pod-4634/container-5504 Network latency within acceptable range,0,,71,0,,-309778.0,0,6,3.1139616835246193,False,-0.0002897968011408847,-1
2025-02-12 21:34:06,srv-60.reynolds-snyder.org,INFO,production/pod-6843/container-3870 Network latency within acceptable range,0,,74,0,,519310.0,0,6,3.1077045394529574,False,-0.013436702966529934,-1
2025-02-14 01:59:02,srv-41.smith.com,INFO,kube-system/pod-6673/container-2781 Network latency within acceptable range,0,,75,0,,844149.0,0,6,3.195899762136118,False,-0.02871861057661529,-1
2025-02-18 09:36:48,db-07.nguyen-parker.org,INFO,default/pod-1369/container-1060 Network latency within acceptable range,0,,71,0,,1155566.0,0,6,3.121331375690317,False,-0.016998195647730863,-1
2025-02-18 21:25:48,db-49.leon.com,INFO,kube-system/pod-2980/container-6775 Network latency within acceptable range,0,,75,0,,526850.0,0,6,3.2143836869510505,False,-0.00910076050006281,-1
2025-02-02 22:45:16,laptop-82.moody-miles.com,INFO,kube-system/pod-6085/container-4192 Network latency within acceptable range,0,,75,0,,-553177.0,0,6,3.232867611765982,False,-0.02871861057661529,-1
2025-02-08 03:33:50,email-46.miller-potter.org,INFO,kube-system/pod-6591/container-9902 Network latency within acceptable range,0,,75,0,,449314.0,0,6,3.188923120219258,False,-0.012678119047259184,-1
2025-02-09 05:47:56,email-37.hicks-petersen.com,INFO,development/pod-2624/container-6546 Network latency within acceptable range,0,,75,0,,169243.0,0,6,3.0740505223789256,False,-0.015404279444295288,-1
2025-02-04 12:15:39,web-14.stevens-foster.org,INFO,development/pod-7132/container-7440 Network latency within acceptable range,0,,75,0,,-164969.0,0,6,3.11799501392565,False,-0.015404279444295288,-1
2025-02-12 00:52:43,db-55.diaz-howard.com,INFO,development/pod-5327/container-2531 Network latency within acceptable range,0,,75,0,,929600.0,0,6,3.0995110891107185,False,-0.002474740801913178,-1
2025-02-11 12:26:26,web-79.martin.biz,INFO,kube-system/pod-6691/container-6805 Health check passed,0,,55,0,,-757267.0,0,4,3.175063803710415,False,-0.007803367319378307,-1
2025-02-18 14:20:24,desktop-90.hill-baker.com,INFO,kube-system/pod-6029/container-3645 Network latency within acceptable range,0,,75,0,,1251001.0,0,6,3.21438368695105,False,-0.009340293732581662,-1
2025-02-12 20:50:10,web-55.welch-shelton.com,INFO,production/pod-7289/container-8616 Network latency within acceptable range,0,,74,0,,890692.0,0,6,3.1077045394529574,False,-0.013436702966529934,-1
2025-02-11 16:50:13,db-64.sandoval.org,INFO,development/pod-9777/container-2807 Network latency within acceptable range,0,,75,0,,-501230.0,0,6,3.0810271642957856,False,-0.015404279444295288,-1
2025-02-08 03:40:49,desktop-18.coffey.net,INFO,development/pod-9781/container-4092 Network latency within acceptable range,0,,75,0,,-220465.0,0,6,3.1364789387405816,False,-0.015404279444295288,-1
2025-02-17 04:43:44,srv-74.bean.org,INFO,development/pod-6685/container-2113 Network latency within acceptable range,0,,75,0,,781375.0,0,6,3.117995013925649,False,-0.015404279444295288,-1
2025-02-19 09:13:56,email-62.smith.com,INFO,default/pod-6722/container-6747 Network latency within acceptable range,0,,71,0,,114412.0,0,6,3.0944364108327895,False,-0.00288775067562691,-1
2025-02-08 09:54:19,email-57.harris-hoffman.biz,INFO,production/pod-5767/container-6683 Network latency within acceptable range,0,,74,0,,-938125.0,0,6,3.081899911008573,False,-0.005120509139960816,-1
2025-02-08 06:51:35,desktop-20.blankenship.com,INFO,development/pod-5155/container-8465 Network latency within acceptable range,0,,75,0,,420491.0,0,6,3.0810271642957856,False,-0.015404279444295288,-1
2025-02-08 10:34:08,email-73.hartman.info,INFO,kube-system/pod-4893/container-5634 Health check passed,0,,55,0,,-372226.0,0,4,3.1845774063243155,False,-0.007803367319378307,-1
2025-02-04 12:33:32,srv-38.bradley.com,INFO,development/pod-7427/container-2416 Network latency within acceptable range,0,,75,0,,-1001915.0,0,6,3.0995110891107176,False,-0.015404279444295288,-1
2025-02-16 03:34:15,laptop-01.lopez.biz,INFO,kube-system/pod-1749/container-1871 Failed login attempt from 192.168.1.1,0,,73,1,192.0,1004443.0,0,6,3.2553938573061556,False,-0.004619967883777554,-1
2025-02-07 20:37:19,srv-69.wright.com,INFO,kube-system/pod-2649/container-1930 Health check passed,0,,55,0,,418004.0,0,4,3.2097827583446774,False,-0.007803367319378307,-1
2025-02-16 02:29:51,desktop-26.butler.biz,INFO,default/pod-9398/container-9200 Network latency within acceptable range,0,,71,0,,630560.0,0,6,3.1139616835246193,False,-0.0002897968011408847,-1
2025-02-14 06:47:25,srv-29.bush-brown.com,INFO,development/pod-1099/container-1903 Network latency within acceptable range,0,,75,0,,1136791.0,0,6,3.0740505223789256,False,-0.015404279444295288,-1
2025-02-12 22:04:09,email-61.salazar.org,INFO,development/pod-4186/container-8963 Network latency within acceptable range,0,,75,0,,413640.0,0,6,3.1179950139256496,False,-0.015404279444295288,-1
2025-02-18 22:32:12,email-36.robles-garza.com,INFO,default/pod-2941/container-7450 Network latency within acceptable range,0,,71,0,,1088601.0,0,6,3.160381921073976,False,-0.0002897968011408847,-1
2025-02-15 20:24:44,db-73.wallace.net,INFO,kube-system/pod-3272/container-2762 Health check passed,0,,55,0,,539045.0,0,4,3.1089613502632303,False,-0.007803367319378307,-1
2025-02-15 12:52:46,laptop-66.blankenship.com,INFO,default/pod-2468/container-8845 Network latency within acceptable range,0,,71,0,,-129426.0,0,6,3.1139616835246193,False,-0.0002897968011408847,-1
2025-02-09 21:34:23,laptop-96.smith.info,INFO,kube-system/pod-9532/container-8653 Network latency within acceptable range,0,,75,0,,-779546.0,0,6,3.195899762136119,False,-0.02871861057661529,-1
2025-02-14 15:06:33,desktop-69.jarvis.com,INFO,development/pod-5489/container-8841 Network latency within acceptable range,0,,75,0,,432108.0,0,6,3.0925344471938576,False,-0.015404279444295288,-1
2025-02-19 07:58:08,web-36.wright.info,INFO,development/pod-7081/container-3321 Network latency within acceptable range,0,,75,0,,1462620.0,0,6,3.11799501392565,False,-0.015404279444295288,-1
2025-02-09 08:42:20,email-84.medina-simmons.com,INFO,development/pod-4139/container-6081 Network latency within acceptable range,0,,75,0,,575435.0,0,6,3.1364789387405816,False,-0.015404279444295288,-1
2025-02-18 03:02:45,laptop-99.bryant.com,INFO,production/pod-2331/container-5701 Network latency within acceptable range,0,,74,0,,152068.0,0,6,3.1077045394529574,False,-0.005098005409886086,-1
2025-02-12 14:27:00,desktop-06.mann.com,INFO,production/pod-5539/container-6094 Failed login attempt from 192.168.1.1,0,,72,1,192.0,-328320.0,0,6,3.217563523696366,False,-0.0014153167676513312,-1
2025-02-09 05:44:55,desktop-26.williams.com,INFO,kube-system/pod-7826/container-8340 Network latency within acceptable range,0,,75,0,,424008.0,0,6,3.21438368695105,False,-0.02871861057661529,-1
2025-02-20 10:48:09,desktop-34.rodriguez.com,INFO,kube-system/pod-4199/container-4297 Network latency within acceptable range,0,,75,0,,1601238.0,0,6,3.170439195404326,False,-0.02871861057661529,-1
2025-02-20 06:59:05,email-79.day-mcdaniel.net,INFO,production/pod-7832/container-4094 Network latency within acceptable range,0,,74,0,,571741.0,0,6,3.1264382470356584,False,-0.013436702966529934,-1
2025-02-04 13:46:55,db-97.salas.biz,INFO,default/pod-6582/container-1999 Network latency within acceptable range,0,,71,0,,-1056812.0,0,6,3.1334869562164487,False,-0.016998195647730863,-1
2025-02-15 14:05:26,laptop-70.harris-cooper.biz,INFO,kube-system/pod-5617/container-7716 Network latency within acceptable range,0,,75,0,,-64590.0,0,6,3.151955270589395,False,-0.02871861057661529,-1
2025-02-14 11:11:38,email-37.hogan-chambers.com,INFO,kube-system/pod-7042/container-2089 Network latency within acceptable range,0,,75,0,,519888.0,0,6,3.195899762136119,False,-0.004355088095028492,-1
2025-02-12 07:52:04,db-32.ray.com,INFO,kube-system/pod-4290/container-5056 Network latency within acceptable range,0,,75,0,,168516.0,0,6,3.1958997621361185,False,-0.02871861057661529,-1
2025-02-07 20:05:55,lt-08.reid-smith.com,INFO,production/pod-7854/container-6106 Network latency within acceptable range,0,,74,0,,-410423.0,0,6,3.1264382470356584,False,-0.0010974720620711698,-1
2025-02-01 08:28:44,lt-43.hopkins-gordon.com,INFO,production/pod-2276/container-9595 Network latency within acceptable range,0,,74,0,,-1171346.0,0,6,3.0889708318702565,False,-0.0015270200346214624,-1
2025-02-08 22:31:17,laptop-88.bonilla.com,INFO,kube-system/pod-3444/container-8797 Network latency within acceptable range,0,,75,0,,566110.0,0,6,3.1704391954043256,False,-0.02871861057661529,-1
2025-02-14 05:12:18,lt-88.herrera-morales.info,INFO,kube-system/pod-3531/container-6324 Health check passed,0,,55,0,,-70888.0,0,4,3.175063803710415,False,-0.007803367319378307,-1
2025-02-01 05:07:40,desktop-31.norris-rios.info,INFO,default/pod-5559/container-5541 Network latency within acceptable range,0,,71,0,,-11394.0,0,6,3.066566495707066,False,-0.016998195647730863,-1
2025-02-03 21:34:30,db-18.gonzalez.com,INFO,production/pod-4306/container-1395 Network latency within acceptable range,0,,74,0,,-1447352.0,0,6,3.1264382470356584,False,-0.0013315885469152855,-1
2025-02-16 16:07:00,lt-79.edwards.biz,INFO,kube-system/pod-5238/container-6809 Health check passed,0,,55,0,,1103550.0,0,4,3.2097827583446774,False,-0.007803367319378307,-1
2025-02-05 18:08:13,lt-70.leblanc.info,INFO,kube-system/pod-3445/container-3613 Health check passed,0,,55,0,,-1165369.0,0,4,3.149858451690053,False,-0.007803367319378307,-1
2025-02-20 10:52:59,srv-07.robbins.net,INFO,production/pod-6578/container-2814 Network latency within acceptable range,0,,74,0,,1100460.0,0,6,3.1264382470356584,False,-0.013436702966529934,-1
2025-02-07 23:06:59,lt-28.baker-duran.com,INFO,default/pod-5235/container-9178 Network latency within acceptable range,0,,71,0,,-1079160.0,0,6,3.160381921073976,False,-0.0002897968011408847,-1
2025-02-12 18:00:58,db-49.wilson.com,INFO,production/pod-4659/container-5727 Network latency within acceptable range,0,,74,0,,413639.0,0,6,3.1077045394529574,False,-0.013436702966529934,-1
2025-02-17 18:58:49,email-24.fitzgerald-huber.info,INFO,production/pod-5996/container-3593 Network latency within acceptable range,0,,74,0,,1359190.0,0,6,3.063166203425872,False,-0.013436702966529934,-1
2025-02-12 10:03:03,desktop-09.hawkins.com,INFO,kube-system/pod-6101/container-6549 Network latency within acceptable range,0,,75,0,,-653845.0,0,6,3.195899762136118,False,-0.00910076050006281,-1
2025-02-15 07:00:06,email-55.williams-alvarado.org,INFO,kube-system/pod-7806/container-6871 Network latency within acceptable range,0,,75,0,,398951.0,0,6,3.177415837321187,False,-0.02871861057661529,-1
2025-02-09 05:05:58,srv-67.anderson.com,INFO,default/pod-7965/container-5506 Network latency within acceptable range,0,,71,0,,216223.0,0,6,3.1139616835246193,False,-0.016998195647730863,-1
2025-02-11 01:55:07,db-85.harrison.org,INFO,development/pod-2301/container-8497 Network latency within acceptable range,0,,75,0,,-824019.0,0,6,3.1549628635555127,False,-0.015404279444295288,-1
2025-02-04 03:30:25,web-97.velez.com,INFO,kube-system/pod-9508/container-1117 Network latency within acceptable range,0,,75,0,,-947933.0,0,6,3.188923120219258,False,-0.02871861057661529,-1
2025-02-04 18:10:50,srv-73.jarvis.info,INFO,kube-system/pod-3125/container-2022 Network latency within acceptable range,0,,75,0,,-222133.0,0,6,3.158931912506255,False,-0.009340293732581662,-1
2025-02-11 06:05:23,db-12.patterson-mathis.com,INFO,kube-system/pod-7017/container-5187 Network latency within acceptable range,0,,75,0,,88888.0,0,6,3.170439195404326,False,-0.012349792298431028,-1
2025-02-10 03:18:17,email-74.wilson-weiss.com,INFO,development/pod-7467/container-8955 Network latency within acceptable range,0,,75,0,,-307835.0,0,6,3.117995013925649,False,-0.015404279444295288,-1
2025-02-04 15:44:44,srv-66.cameron-holmes.com,INFO,default/pod-6776/container-6883 Network latency within acceptable range,0,,71,0,,-18811.0,0,6,3.09443641083279,False,-0.0028410465535859686,-1
2025-02-17 23:43:33,web-39.yates.net,INFO,kube-system/pod-9602/container-7030 Network latency within acceptable range,0,,75,0,,1151929.0,0,6,3.188923120219258,False,-0.016652016045853757,-1
2025-02-17 12:09:46,email-31.johnson.com,INFO,default/pod-8245/container-7836 Network latency within acceptable range,0,,71,0,,-254289.0,0,6,3.160381921073976,False,-0.016998195647730863,-1
2025-02-16 00:35:52,srv-82.alvarado.com,INFO,default/pod-4694/container-1037 Network latency within acceptable range,0,,71,0,,-244448.0,0,6,3.160381921073976,False,-0.016998195647730863,-1
2025-02-04 13:38:54,lt-90.ellis.com,INFO,development/pod-8715/container-8974 Network latency within acceptable range,0,,75,0,,-223330.0,0,6,3.1179950139256496,False,-0.0012878385671872272,-1
2025-02-09 09:12:00,laptop-83.ramirez-stuart.com,INFO,default/pod-7902/container-7805 Network latency within acceptable range,0,,71,0,,140487.0,0,6,3.1408566483821465,False,-0.002824792118281516,-1
2025-02-06 21:26:09,db-50.farmer.org,INFO,default/pod-5368/container-8780 Network latency within acceptable range,0,,71,0,,-752955.0,0,6,3.1334869562164487,False,-0.016998195647730863,-1
2025-02-04 04:47:14,web-56.wagner-bishop.com,INFO,default/pod-9674/container-3457 Network latency within acceptable range,0,,71,0,,-203786.0,0,6,3.1408566483821465,False,-0.016998195647730863,-1
2025-02-08 02:22:51,laptop-41.gonzalez.com,INFO,development/pod-7280/container-6385 Network latency within acceptable range,0,,75,0,,81244.0,0,6,3.1364789387405816,False,-0.015404279444295288,-1
2025-02-12 22:34:55,email-68.gonzales-wells.com,INFO,development/pod-9202/container-1815 Network latency within acceptable range,0,,75,0,,-200919.0,0,6,3.117995013925649,False,-0.015404279444295288,-1
2025-02-16 03:37:29,web-58.sanchez.com,INFO,kube-system/pod-5576/container-5284 Health check passed,0,,55,0,,1215929.0,0,4,3.175063803710415,False,-0.007803367319378307,-1
2025-02-19 10:24:26,web-11.wright.com,INFO,default/pod-4496/container-1777 Network latency within acceptable range,0,,71,0,,1058082.0,0,6,3.113961683524619,False,-0.016998195647730863,-1
2025-02-01 16:38:09,desktop-03.norman.com,INFO,default/pod-2830/container-7545 Network latency within acceptable range,0,,71,0,,-1323650.0,0,6,3.1603819210739763,False,-0.016998195647730863,-1
2025-02-06 06:14:57,srv-57.martin.net,INFO,development/pod-8938/container-9210 Network latency within acceptable range,0,,75,0,,-1026965.0,0,6,3.1179950139256496,False,-0.015404279444295288,-1
2025-02-01 07:17:29,web-19.russo.org,INFO,default/pod-4627/container-8880 Network latency within acceptable range,0,,71,0,,-226088.0,0,6,3.1334869562164487,False,-0.016998195647730863,-1
2025-02-12 12:47:16,laptop-91.sandoval.com,INFO,default/pod-7665/container-4598 Network latency within acceptable range,0,,71,0,,-252508.0,0,6,3.1408566483821465,False,-0.016998195647730863,-1
2025-02-06 21:35:58,web-61.dodson.com,INFO,kube-system/pod-1589/container-8551 Health check passed,0,,55,0,,-306395.0,0,4,3.124653099669691,False,-0.007803367319378307,-1
2025-02-12 18:21:26,lt-50.franklin.com,INFO,default/pod-4012/container-4921 Network latency within acceptable range,0,,71,0,,506728.0,0,6,3.1213313756903167,False,-0.016998195647730863,-1
2025-02-04 19:55:28,db-54.white-walker.com,INFO,default/pod-1651/container-7704 Network latency within acceptable range,0,,71,0,,-790335.0,0,6,3.1408566483821465,False,-0.0009909806727482207,-1
2025-02-13 04:29:10,desktop-94.davis.org,INFO,kube-system/pod-4229/container-5221 Network latency within acceptable range,0,,75,0,,433920.0,0,6,3.158931912506255,False,-0.02871861057661529,-1
2025-02-05 05:26:52,email-47.hood-white.com,INFO,kube-system/pod-1645/container-3864 Network latency within acceptable range,0,,75,0,,-786374.0,0,6,3.195899762136119,False,-0.009340293732581662,-1
2025-02-02 16:39:29,web-42.benson-boyd.info,INFO,default/pod-3801/container-3712 Network latency within acceptable range,0,,71,0,,-851448.0,0,6,3.1408566483821465,False,-0.016998195647730863,-1
2025-02-11 09:01:39,db-35.roberts.com,INFO,production/pod-2140/container-1734 Network latency within acceptable range,0,,74,0,,569966.0,0,6,3.1077045394529574,False,-0.013436702966529934,-1
2025-02-17 09:57:22,db-99.green.com,INFO,kube-system/pod-9514/container-4131 Network latency within acceptable range,0,,75,0,,-58770.0,0,6,3.170439195404326,False,-0.02871861057661529,-1
2025-02-16 08:42:22,email-13.henderson-davis.com,INFO,development/pod-8943/container-9243 Network latency within acceptable range,0,,75,0,,379277.0,0,6,3.0995110891107185,False,-0.015404279444295288,-1
2025-02-08 09:30:16,lt-15.thomas.com,INFO,development/pod-3504/container-2348 Network latency within acceptable range,0,,75,0,,-37591.0,0,6,3.1179950139256496,False,-0.015404279444295288,-1
2025-02-10 16:57:45,db-26.henry-oliver.com,INFO,production/pod-2969/container-6972 Network latency within acceptable range,0,,74,0,,811609.0,0,6,3.063166203425872,False,-0.013436702966529934,-1
2025-02-20 14:21:51,laptop-16.shaw-lopez.com,INFO,default/pod-9360/container-2276 Network latency within acceptable range,0,,71,0,,775614.0,0,6,3.1408566483821465,False,-0.0035793509919792577,-1
2025-02-17 17:25:19,lt-77.massey.com,INFO,production/pod-2279/container-1872 Network latency within acceptable range,0,,74,0,,990124.0,0,6,3.081899911008573,False,-0.013436702966529934,-1
2025-02-11 12:17:46,email-45.howard.com,INFO,default/pod-5241/container-7738 Network latency within acceptable range,0,,71,0,,545162.0,0,6,3.1603819210739763,False,-0.0002897968011408847,-1
2025-02-04 11:59:16,lt-57.warner.org,INFO,kube-system/pod-3446/container-6906 Health check passed,0,,55,0,,-605910.0,0,4,3.149858451690053,False,-0.007803367319378307,-1
2025-02-18 02:55:57,laptop-31.walter.com,INFO,production/pod-9409/container-8558 Network latency within acceptable range,0,,74,0,,-112285.0,0,6,3.0889708318702565,False,-0.013436702966529934,-1
2025-02-05 07:54:02,desktop-83.stanley.com,INFO,kube-system/pod-6847/container-5882 Health check passed,0,,55,0,,-633600.0,0,4,3.1750638037104144,False,-0.007803367319378307,-1
2025-02-03 18:24:17,laptop-41.schroeder.com,INFO,development/pod-4176/container-7467 Network latency within acceptable range,0,,75,0,,-1001246.0,0,6,3.0740505223789256,False,-0.015404279444295288,-1
2025-02-17 16:56:03,desktop-07.allen.org,INFO,production/pod-5126/container-7540 Network latency within acceptable range,0,,74,0,,1423161.0,0,6,3.1264382470356584,False,-0.0032669691718416605,-1
2025-02-16 11:13:20,srv-35.johnson.info,INFO,development/pod-5820/container-9234 Network latency within acceptable range,0,,75,0,,1249626.0,0,6,3.1364789387405816,False,-0.015404279444295288,-1
2025-02-04 23:41:23,srv-10.scott-wilson.net,INFO,development/pod-5597/container-8745 Network latency within acceptable range,0,,75,0,,332858.0,0,6,3.0925344471938567,False,-0.015404279444295288,-1
2025-02-09 09:44:49,desktop-34.garcia-davis.com,INFO,development/pod-8504/container-6727 Network latency within acceptable range,0,,75,0,,-373321.0,0,6,3.136478938740581,False,-0.004561666900843975,-1
2025-02-03 15:21:59,email-35.smith.net,INFO,default/pod-5450/container-1806 Network latency within acceptable range,0,,71,0,,-1234766.0,0,6,3.1408566483821465,False,-0.0002897968011408847,-1
2025-02-19 00:42:05,laptop-37.english.com,INFO,kube-system/pod-7615/container-5158 Network latency within acceptable range,0,,75,0,,634704.0,0,6,3.170439195404326,False,-0.02871861057661529,-1
2025-02-05 06:47:11,db-04.woods.info,INFO,kube-system/pod-6259/container-5696 Network latency within acceptable range,0,,75,0,,-1187694.0,0,6,3.151955270589395,False,-0.02871861057661529,-1
2025-02-13 17:54:15,desktop-49.bryant.com,INFO,default/pod-3004/container-8903 Network latency within acceptable range,0,,71,0,,502377.0,0,6,3.1139616835246193,False,-0.016998195647730863,-1
2025-02-10 21:39:43,desktop-00.armstrong.info,INFO,development/pod-2805/container-3216 Network latency within acceptable range,0,,75,0,,50125.0,0,6,3.1364789387405816,False,-0.0024647203780480686,-1
2025-02-01 05:43:12,desktop-23.brown-king.com,INFO,development/pod-1385/container-3836 Network latency within acceptable range,0,,75,0,,-888770.0,0,6,3.0925344471938576,False,-0.015404279444295288,-1
2025-02-03 08:20:13,desktop-97.herrera-johnson.com,INFO,kube-system/pod-1366/container-5913 Health check passed,0,,55,0,,-1501650.0,0,4,3.1593720543039536,False,-0.007803367319378307,-1
2025-02-08 23:37:08,laptop-40.martinez.info,INFO,kube-system/pod-1290/container-6945 Health check passed,0,,55,0,,669004.0,0,4,3.2097827583446774,False,-0.007803367319378307,-1
2025-02-18 06:54:55,email-25.foley.com,INFO,production/pod-6094/container-2600 Network latency within acceptable range,0,,74,0,,573176.0,0,6,3.081899911008573,False,-0.013436702966529934,-1
2025-02-05 00:34:58,srv-90.hernandez.biz,INFO,kube-system/pod-9366/container-7913 Network latency within acceptable range,0,,75,0,,-832644.0,0,6,3.177415837321187,False,-0.02871861057661529,-1
2025-02-17 00:39:22,srv-34.rodriguez.com,INFO,default/pod-3386/container-1309 Network latency within acceptable range,0,,71,0,,1298860.0,0,6,3.1334869562164487,False,-0.007466413285553808,-1
2025-02-18 17:41:12,db-09.moore-valencia.net,INFO,production/pod-6832/container-3523 Network latency within acceptable range,0,,74,0,,-106173.0,0,6,3.081899911008573,False,-0.0013315885469152855,-1
2025-02-09 22:20:38,web-15.madden.com,INFO,kube-system/pod-8721/container-9444 Health check passed,0,,55,0,,-730210.0,0,4,3.1750638037104144,False,-0.007803367319378307,-1
2025-02-10 21:13:06,lt-20.taylor.com,INFO,production/pod-7187/container-3371 Failed login attempt from 192.168.1.1,0,,72,1,192.0,-398668.0,0,6,3.145266587989578,False,-0.0013786067362439591,-1
2025-02-04 14:36:22,db-24.jackson.info,INFO,kube-system/pod-8617/container-4082 Health check passed,0,,55,0,,-882181.0,0,4,3.2097827583446774,False,-0.007803367319378307,-1
2025-02-06 02:53:46,lt-54.burgess.info,INFO,kube-system/pod-2054/container-4996 Network latency within acceptable range,0,,75,0,,-582642.0,0,6,3.1958997621361185,False,-0.02871861057661529,-1
2025-02-01 18:25:03,laptop-63.watson-smith.com,INFO,default/pod-1885/container-8459 Network latency within acceptable range,0,,71,0,,-1558392.0,0,6,3.1139616835246193,False,-0.016998195647730863,-1
2025-02-17 05:01:07,srv-29.hart.biz,INFO,production/pod-8684/container-3586 Network latency within acceptable range,0,,74,0,,317746.0,0,6,3.081899911008573,False,-0.013436702966529934,-1
2025-02-16 12:27:38,desktop-76.peterson.com,INFO,kube-system/pod-1319/container-7677 Network latency within acceptable range,0,,75,0,,-352738.0,0,6,3.170439195404326,False,-0.00910076050006281,-1
2025-02-03 20:04:34,web-63.blake.biz,INFO,kube-system/pod-8282/container-7884 Network latency within acceptable range,0,,75,0,,-1296615.0,0,6,3.140447987691323,False,-0.02871861057661529,-1
2025-02-02 18:13:10,lt-37.moss-wilkinson.com,INFO,kube-system/pod-2759/container-3155 Network latency within acceptable range,0,,75,0,,-902277.0,0,6,3.188923120219258,False,-0.009340293732581662,-1
2025-02-02 15:33:12,lt-07.davis.com,INFO,kube-system/pod-9973/container-3765 Network latency within acceptable range,0,,75,0,,10430.0,0,6,3.177415837321187,False,-0.006444314119195604,-1
2025-02-18 10:42:22,laptop-74.moore-schaefer.com,INFO,kube-system/pod-8197/container-2979 Network latency within acceptable range,0,,75,0,,447412.0,0,6,3.170439195404326,False,-0.02871861057661529,-1
2025-02-05 03:39:35,laptop-17.mccall-johnson.biz,INFO,production/pod-7402/container-9462 Network latency within acceptable range,0,,74,0,,-755049.0,0,6,3.1077045394529574,False,-0.0013315885469152855,-1
2025-02-16 20:37:50,email-64.underwood.com,INFO,default/pod-2563/container-2412 Network latency within acceptable range,0,,71,0,,516350.0,0,6,3.1334869562164487,False,-5.6384939938869394e-05,-1
2025-02-19 04:28:44,laptop-31.lewis-johnson.com,INFO,production/pod-1939/container-8632 Network latency within acceptable range,0,,74,0,,406471.0,0,6,3.1077045394529574,False,-0.0013315885469152855,-1
2025-02-14 13:03:02,laptop-20.carlson-rivera.com,INFO,development/pod-1086/container-6439 Network latency within acceptable range,0,,75,0,,194939.0,0,6,3.1364789387405816,False,-0.015404279444295288,-1
2025-02-18 18:24:30,laptop-00.watts-hernandez.com,INFO,default/pod-2587/container-2393 Network latency within acceptable range,0,,71,0,,1517184.0,0,6,3.1408566483821465,False,-0.016998195647730863,-1
2025-02-13 02:01:40,db-25.bailey.net,INFO,kube-system/pod-5612/container-4515 Network latency within acceptable range,0,,75,0,,-585911.0,0,6,3.170439195404326,False,-0.008164856010754173,-1
2025-02-18 04:15:03,lt-26.sparks.com,INFO,kube-system/pod-6910/container-4191 Network latency within acceptable range,0,,75,0,,6312.0,0,6,3.170439195404326,False,-0.02871861057661529,-1
2025-02-05 02:24:53,laptop-78.allen-rocha.com,INFO,development/pod-5153/container-2788 Network latency within acceptable range,0,,75,0,,-989103.0,0,6,3.117995013925649,False,-0.015404279444295288,-1
2025-02-06 00:14:28,lt-85.tanner.info,INFO,production/pod-2098/container-4250 Network latency within acceptable range,0,,74,0,,-774654.0,0,6,3.1077045394529574,False,-0.013436702966529934,-1
2025-02-13 21:23:46,lt-81.curry.com,INFO,default/pod-6241/container-1183 Network latency within acceptable range,0,,71,0,,849777.0,0,6,3.1334869562164487,False,-0.0002897968011408847,-1
2025-02-15 05:27:00,srv-60.acosta.com,INFO,kube-system/pod-8151/container-5610 Health check passed,0,,55,0,,-87251.0,0,4,3.149858451690053,False,-0.007803367319378307,-1
2025-02-18 14:08:15,db-12.russo.com,INFO,default/pod-7639/container-3608 Network latency within acceptable range,0,,71,0,,540658.0,0,6,3.1408566483821465,False,-5.6384939938869394e-05,-1
2025-02-14 15:41:58,web-26.campos.com,INFO,development/pod-9063/container-2962 Network latency within acceptable range,0,,75,0,,-434525.0,0,6,3.099511089110718,False,-0.015404279444295288,-1
2025-02-17 20:20:35,srv-40.sandoval.org,INFO,kube-system/pod-9892/container-4756 Network latency within acceptable range,0,,75,0,,41856.0,0,6,3.21438368695105,False,-0.02871861057661529,-1
2025-02-20 15:09:41,laptop-22.pitts-chavez.com,INFO,kube-system/pod-8866/container-8766 Network latency within acceptable range,0,,75,0,,201630.0,0,6,3.11498742095953,False,-0.02871861057661529,-1
2025-02-07 04:54:54,lt-96.nelson-ramos.com,INFO,kube-system/pod-8876/container-5211 Health check passed,0,,55,0,,-1160087.0,0,4,3.1845774063243155,False,-0.007803367319378307,-1
2025-02-14 06:36:26,desktop-31.davis.info,INFO,kube-system/pod-8810/container-2799 Health check passed,0,,55,0,,698495.0,0,4,3.1845774063243155,False,-0.007803367319378307,-1
2025-02-14 23:51:37,lt-85.brown.com,INFO,production/pod-2296/container-6877 Network latency within acceptable range,0,,74,0,,1027916.0,0,6,3.0889708318702565,False,-0.013436702966529934,-1
2025-02-08 04:32:44,db-12.jones.biz,INFO,default/pod-3524/container-5184 Network latency within acceptable range,0,,71,0,,-913264.0,0,6,3.1408566483821465,False,-5.6384939938869394e-05,-1
2025-02-10 07:20:14,lt-13.johnson-goodman.com,INFO,development/pod-8725/container-9522 Network latency within acceptable range,0,,75,0,,415434.0,0,6,3.0925344471938576,False,-0.0004176722981059644,-1
2025-02-01 16:32:28,lt-67.henderson.biz,INFO,production/pod-2794/container-5576 Network latency within acceptable range,0,,74,0,,-893987.0,0,6,3.1077045394529574,False,-0.0013315885469152855,-1
2025-02-18 00:40:38,laptop-28.todd.info,INFO,kube-system/pod-3897/container-6185 Health check passed,0,,55,0,,267217.0,0,4,3.2097827583446774,False,-0.007803367319378307,-1
2025-02-02 20:32:45,web-76.armstrong.biz,INFO,default/pod-9924/container-7320 Network latency within acceptable range,0,,71,0,,-617098.0,0,6,3.1408566483821465,False,-0.016998195647730863,-1
2025-02-13 13:39:46,web-27.snyder.com,INFO,production/pod-6281/container-1210 Network latency within acceptable range,0,,74,0,,171622.0,0,6,3.081899911008573,False,-0.0013315885469152855,-1
2025-02-02 05:43:47,desktop-21.faulkner.com,INFO,kube-system/pod-9966/container-8053 Health check passed,0,,55,0,,-520695.0,0,4,3.1845774063243155,False,-0.007803367319378307,-1
2025-02-08 14:45:29,web-91.liu.com,INFO,production/pod-1237/container-6547 Network latency within acceptable range,0,,74,0,,602798.0,0,6,3.1264382470356584,False,-0.013436702966529934,-1
2025-02-18 01:49:03,email-24.krause.com,INFO,default/pod-2721/container-9724 Network latency within acceptable range,0,,71,0,,1040523.0,0,6,3.1139616835246193,False,-0.016998195647730863,-1
2025-02-04 09:03:55,web-86.johnson.com,INFO,kube-system/pod-4428/container-4834 Health check passed,0,,55,0,,-1333441.0,0,4,3.1089613502632303,False,-0.007803367319378307,-1
2025-02-12 05:03:07,desktop-82.brown-kelley.com,INFO,kube-system/pod-9986/container-4737 Network latency within acceptable range,0,,75,0,,136665.0,0,6,3.1958997621361185,False,-0.02871861057661529,-1
2025-02-17 01:46:55,lt-53.patterson.org,INFO,kube-system/pod-6769/container-1738 Network latency within acceptable range,0,,75,0,,1131059.0,0,6,3.195899762136118,False,-0.013444662832887533,-1
2025-02-20 15:10:43,email-40.becker.com,INFO,development/pod-7030/container-2783 Network latency within acceptable range,0,,75,0,,1011645.0,0,6,3.0995110891107176,False,-0.005806811893124153,-1
2025-02-14 16:00:27,srv-70.barrera-brooks.com,INFO,default/pod-7236/container-5082 Network latency within acceptable range,0,,71,0,,-351422.0,0,6,3.160381921073976,False,-0.016998195647730863,-1
2025-02-02 21:53:22,desktop-07.gordon.org,INFO,default/pod-4768/container-4823 Network latency within acceptable range,0,,71,0,,-1162734.0,0,6,3.1408566483821465,False,-0.016998195647730863,-1
2025-02-11 17:40:04,lt-56.holmes.biz,INFO,production/pod-2303/container-3466 Network latency within acceptable range,0,,74,0,,101346.0,0,6,3.081899911008573,False,-0.013436702966529934,-1
2025-02-06 18:51:53,db-16.kim-yu.com,INFO,kube-system/pod-3577/container-3709 Health check passed,0,,55,0,,-427691.0,0,4,3.149858451690053,False,-0.007803367319378307,-1
2025-02-20 07:37:50,email-70.santos.com,INFO,development/pod-5747/container-6526 Network latency within acceptable range,0,,75,0,,225103.0,0,6,3.099511089110718,False,-0.015404279444295288,-1
2025-02-09 18:19:27,db-28.grant.com,INFO,kube-system/pod-5550/container-8940 Network latency within acceptable range,0,,75,0,,-328302.0,0,6,3.170439195404326,False,-0.009340293732581662,-1
2025-02-06 09:15:59,laptop-42.patterson-patterson.com,INFO,production/pod-1923/container-1148 Network latency within acceptable range,0,,74,0,,-1193151.0,0,6,3.100633618591274,False,-0.013436702966529934,-1
2025-02-03 06:50:04,srv-78.booker-allen.info,INFO,development/pod-6492/container-1882 Network latency within acceptable range,0,,75,0,,-419811.0,0,6,3.11799501392565,False,-0.0025835625351410263,-1
2025-02-01 05:01:43,laptop-38.robertson.com,INFO,kube-system/pod-1590/container-5630 Health check passed,0,,55,0,,-1061923.0,0,4,3.1845774063243155,False,-0.007803367319378307,-1
2025-02-05 07:27:27,web-02.holt-lowery.com,INFO,development/pod-9622/container-6322 Network latency within acceptable range,0,,75,0,,-325226.0,0,6,3.0625432394808545,False,-0.015404279444295288,-1
2025-02-13 11:28:38,srv-01.miller-carrillo.com,INFO,default/pod-6472/container-7883 Network latency within acceptable range,0,,71,0,,774585.0,0,6,3.1408566483821465,False,-0.002906995320390071,-1
2025-02-01 14:07:44,db-04.sanders.biz,INFO,development/pod-7293/container-4924 Network latency within acceptable range,0,,75,0,,-1132031.0,0,6,3.099511089110718,False,-0.015404279444295288,-1
2025-02-12 12:32:27,email-17.flores.info,INFO,kube-system/pod-6369/container-4522 Health check passed,0,,55,0,,-176505.0,0,4,3.1845774063243155,False,-0.007803367319378307,-1
2025-02-08 10:59:00,desktop-89.morton.info,INFO,production/pod-5913/container-2736 Network latency within acceptable range,0,,74,0,,-310881.0,0,6,3.1264382470356584,False,-0.013436702966529934,-1
2025-02-11 07:54:19,email-31.rodriguez-jimenez.com,INFO,kube-system/pod-9649/container-6265 Health check passed,0,,55,0,,402546.0,0,4,3.149858451690053,False,-0.007803367319378307,-1
2025-02-06 14:26:42,laptop-25.brown-gonzalez.com,INFO,default/pod-6319/container-8549 Network latency within acceptable range,0,,71,0,,75230.0,0,6,3.160381921073976,False,-0.016998195647730863,-1
2025-02-03 21:00:43,lt-66.phillips.net,INFO,kube-system/pod-6256/container-1332 Health check passed,0,,55,0,,-579441.0,0,4,3.1593720543039536,False,-0.007803367319378307,-1
2025-02-16 16:18:42,db-96.pittman.com,INFO,development/pod-3536/container-2610 Network latency within acceptable range,0,,75,0,,858237.0,0,6,3.1179950139256496,False,-0.015404279444295288,-1
2025-02-05 19:04:18,srv-12.zuniga.info,INFO,kube-system/pod-7810/container-1157 Health check passed,0,,55,0,,-679149.0,0,4,3.149858451690053,False,-0.007803367319378307,-1
2025-02-19 17:55:24,lt-71.rodriguez.com,INFO,default/pod-7143/container-9878 Network latency within acceptable range,0,,71,0,,1314437.0,0,6,3.1408566483821465,False,-0.016998195647730863,-1
2025-02-04 00:33:11,email-39.stone-holmes.info,INFO,development/pod-8629/container-4339 Network latency within acceptable range,0,,75,0,,-1380286.0,0,6,3.11799501392565,False,-0.015404279444295288,-1
2025-02-03 05:53:45,lt-44.bright-smith.biz,INFO,default/pod-5534/container-7021 Network latency within acceptable range,0,,71,0,,-629317.0,0,6,3.160381921073976,False,-0.016998195647730863,-1
2025-02-18 15:33:12,lt-83.brown.com,INFO,kube-system/pod-9304/container-5049 Network latency within acceptable range,0,,75,0,,1052640.0,0,6,3.177415837321187,False,-0.010859587607295884,-1
2025-02-03 22:15:54,desktop-51.mueller-perez.org,INFO,kube-system/pod-4072/container-9255 Health check passed,0,,55,0,,-1073492.0,0,4,3.1845774063243155,False,-0.007803367319378307,-1
2025-02-13 20:59:46,laptop-35.reyes-pearson.com,INFO,development/pod-1435/container-6822 Network latency within acceptable range,0,,75,0,,39531.0,0,6,3.136478938740581,False,-0.015404279444295288,-1
2025-02-14 10:47:42,desktop-73.patterson-gray.com,INFO,kube-system/pod-4526/container-3322 Health check passed,0,,55,0,,663507.0,0,4,3.1498584516900525,False,-0.007803367319378307,-1
2025-02-07 20:18:02,srv-21.wallace-brown.com,INFO,default/pod-3001/container-8185 Network latency within acceptable range,0,,71,0,,-481306.0,0,6,3.121331375690317,False,-0.016998195647730863,-1
2025-02-11 10:23:26,email-11.campbell.info,INFO,kube-system/pod-1349/container-1643 Health check passed,0,,55,0,,886222.0,0,4,3.1593720543039536,False,-0.007803367319378307,-1
2025-02-10 12:21:38,web-39.bond-harper.com,INFO,kube-system/pod-1478/container-3353 Network latency within acceptable range,0,,75,0,,-392890.0,0,6,3.188923120219258,False,-0.009340293732581662,-1
2025-02-05 06:19:12,db-26.morales-torres.biz,INFO,kube-system/pod-2211/container-4911 Network latency within acceptable range,0,,75,0,,-336670.0,0,6,3.140447987691323,False,-0.02871861057661529,-1
2025-02-13 18:53:44,email-49.howard.com,INFO,kube-system/pod-1085/container-4710 Network latency within acceptable range,0,,75,0,,-539205.0,0,6,3.195899762136119,False,-0.02871861057661529,-1
2025-02-05 01:26:38,desktop-39.cross.org,INFO,kube-system/pod-3765/container-1861 Network latency within acceptable range,0,,75,0,,-799345.0,0,6,3.1958997621361185,False,-0.006444314119195604,-1
2025-02-08 05:32:44,db-42.richardson.com,INFO,kube-system/pod-5426/container-7525 Health check passed,0,,55,0,,559897.0,0,4,3.149858451690053,False,-0.007803367319378307,-1
2025-02-13 22:27:23,web-07.woods.info,INFO,kube-system/pod-5652/container-3054 Health check passed,0,,55,0,,566457.0,0,4,3.175063803710415,False,-0.007803367319378307,-1
2025-02-07 10:28:30,lt-31.powell-peterson.org,INFO,default/pod-4308/container-9823 Network latency within acceptable range,0,,71,0,,-927210.0,0,6,3.1408566483821465,False,-0.007400610836145682,-1
2025-02-02 20:41:12,desktop-69.li-burns.com,INFO,kube-system/pod-9590/container-3174 Network latency within acceptable range,0,,75,0,,-751417.0,0,6,3.21438368695105,False,-0.02871861057661529,-1
2025-02-17 04:39:00,srv-77.buck.org,INFO,kube-system/pod-1278/container-9687 Health check passed,0,,55,0,,1364664.0,0,4,3.1845774063243155,False,-0.007803367319378307,-1
2025-02-05 11:57:50,db-22.barnes.com,INFO,default/pod-3831/container-8133 Network latency within acceptable range,0,,71,0,,157601.0,0,6,3.0627555576148286,False,-0.003566834315089029,-1
2025-02-19 22:38:57,web-20.morris.biz,INFO,kube-system/pod-5345/container-1996 Health check passed,0,,55,0,,344173.0,0,4,3.1845774063243155,False,-0.007803367319378307,-1
2025-02-04 18:56:23,web-05.kelly.com,INFO,development/pod-6722/container-8414 Network latency within acceptable range,0,,75,0,,-965095.0,0,6,3.117995013925649,False,-0.0013005621571153259,-1
2025-02-09 10:17:05,desktop-40.velasquez-haas.org,INFO,production/pod-4631/container-9344 Network latency within acceptable range,0,,74,0,,634860.0,0,6,3.081899911008573,False,-0.013436702966529934,-1
2025-02-11 19:50:08,laptop-54.phillips-wilkins.com,INFO,production/pod-6461/container-9341 Network latency within acceptable range,0,,74,0,,786508.0,0,6,3.0889708318702565,False,-0.013436702966529934,-1
2025-02-07 06:24:23,srv-16.moreno.net,INFO,default/pod-8513/container-9801 Network latency within acceptable range,0,,71,0,,-631588.0,0,6,3.1408566483821465,False,-0.016998195647730863,-1
2025-02-04 04:37:31,laptop-63.ortega.com,INFO,development/pod-4467/container-8663 Network latency within acceptable range,0,,75,0,,-1045145.0,0,6,3.0925344471938567,False,-0.015404279444295288,-1
2025-02-06 03:03:18,lt-88.church-mills.info,INFO,default/pod-2345/container-8127 Network latency within acceptable range,0,,71,0,,-992557.0,0,6,3.160381921073976,False,-0.016998195647730863,-1
2025-02-03 00:01:22,desktop-63.marshall-stone.com,INFO,production/pod-9912/container-9095 Network latency within acceptable range,0,,74,0,,-270116.0,0,6,3.0702371242875546,False,-0.013436702966529934,-1
2025-02-14 08:43:38,srv-43.cortez-morgan.com,INFO,kube-system/pod-5471/container-6568 Health check passed,0,,55,0,,898605.0,0,4,3.1845774063243155,False,-0.007803367319378307,-1
2025-02-19 05:04:44,web-50.kline.com,INFO,default/pod-4052/container-6296 Network latency within acceptable range,0,,71,0,,112272.0,0,6,3.1408566483821465,False,-0.016998195647730863,-1
2025-02-15 03:56:45,srv-47.lynch-buck.com,INFO,default/pod-2468/container-8760 Network latency within acceptable range,0,,71,0,,-179323.0,0,6,3.1408566483821465,False,-0.0002897968011408847,-1
2025-02-16 05:44:00,laptop-37.kelly.biz,INFO,development/pod-8371/container-7093 Network latency within acceptable range,0,,75,0,,1122792.0,0,6,3.1179950139256496,False,-0.008046090907057546,-1
2025-02-07 13:42:37,laptop-05.brown.com,INFO,development/pod-6223/container-8176 Network latency within acceptable range,0,,75,0,,223834.0,0,6,3.1179950139256496,False,-0.015404279444295288,-1
2025-02-18 13:41:07,db-25.chambers.com,INFO,kube-system/pod-9043/container-9930 Health check passed,0,,55,0,,1367569.0,0,4,3.124653099669691,False,-0.007803367319378307,-1
2025-02-19 16:17:34,lt-08.wagner.com,INFO,default/pod-6480/container-1636 Network latency within acceptable range,0,,71,0,,95787.0,0,6,3.1334869562164487,False,-0.016998195647730863,-1
2025-02-08 06:26:00,srv-79.jones.com,INFO,kube-system/pod-2585/container-4639 Health check passed,0,,55,0,,217458.0,0,4,3.2097827583446774,False,-0.007803367319378307,-1
2025-02-10 17:34:46,srv-63.cooper.com,INFO,development/pod-9415/container-1348 Network latency within acceptable range,0,,75,0,,483511.0,0,6,3.1179950139256496,False,-0.015404279444295288,-1
2025-02-19 09:39:10,srv-94.hudson-dominguez.com,INFO,kube-system/pod-5112/container-7522 Network latency within acceptable range,0,,75,0,,60727.0,0,6,3.151955270589394,False,-0.013195992968360049,-1
2025-02-01 19:22:32,lt-14.barnett.com,INFO,production/pod-3190/container-7617 Network latency within acceptable range,0,,74,0,,-354564.0,0,6,3.1077045394529574,False,-0.013436702966529934,-1
2025-02-12 10:37:22,web-24.martinez.net,INFO,kube-system/pod-9593/container-3726 Network latency within acceptable range,0,,75,0,,582079.0,0,6,3.195899762136118,False,-0.009340293732581662,-1
2025-02-09 09:38:38,laptop-20.hendricks.com,INFO,default/pod-4344/container-7667 Network latency within acceptable range,0,,71,0,,597187.0,0,6,3.09443641083279,False,-0.016998195647730863,-1
2025-02-17 16:28:41,srv-79.warren.com,INFO,production/pod-2339/container-3878 Network latency within acceptable range,0,,74,0,,1397849.0,0,6,3.081899911008573,False,-0.0013315885469152855,-1
2025-02-14 12:52:59,db-68.vasquez-howard.com,INFO,development/pod-3646/container-3715 Network latency within acceptable range,0,,75,0,,221355.0,0,6,3.1179950139256496,False,-0.015404279444295288,-1
2025-02-18 11:13:05,desktop-81.bradford.biz,INFO,development/pod-8076/container-4558 Network latency within acceptable range,0,,75,0,,-172865.0,0,6,3.11799501392565,False,-0.015404279444295288,-1
2025-02-13 12:08:00,web-88.wells-delgado.com,INFO,default/pod-5431/container-3558 Network latency within acceptable range,0,,71,0,,633715.0,0,6,3.1139616835246193,False,-0.016998195647730863,-1
2025-02-15 12:31:44,email-24.hardin.com,INFO,development/pod-6745/container-5848 Network latency within acceptable range,0,,75,0,,559341.0,0,6,3.099511089110718,False,-0.015404279444295288,-1
2025-02-14 21:22:15,lt-29.wolfe.com,INFO,default/pod-4709/container-6176 Network latency within acceptable range,0,,71,0,,-290285.0,0,6,3.1408566483821465,False,-0.016998195647730863,-1
2025-02-01 19:30:26,srv-63.donaldson-maxwell.com,INFO,production/pod-5450/container-2141 Network latency within acceptable range,0,,74,0,,-757314.0,0,6,3.0889708318702565,False,-0.013436702966529934,-1
2025-02-09 13:10:38,laptop-34.williamson.info,INFO,default/pod-7747/container-8340 Network latency within acceptable range,0,,71,0,,576657.0,0,6,3.1139616835246193,False,-0.016998195647730863,-1
2025-02-07 13:34:37,email-39.boyd.com,INFO,development/pod-3534/container-7515 Network latency within acceptable range,0,,75,0,,-556526.0,0,6,3.0925344471938567,False,-0.015404279444295288,-1
2025-02-05 04:10:02,srv-18.hall-hodges.com,INFO,development/pod-2720/container-5413 Network latency within acceptable range,0,,75,0,,172503.0,0,6,3.1364789387405807,False,-0.0019572143354801286,-1
2025-02-01 17:32:18,desktop-14.perez.com,INFO,default/pod-3299/container-5850 Network latency within acceptable range,0,,71,0,,-424791.0,0,6,3.1408566483821465,False,-0.016998195647730863,-1
2025-02-02 21:53:47,laptop-00.davis-andersen.org,INFO,development/pod-1596/container-6692 Network latency within acceptable range,0,,75,0,,-1326629.0,0,6,3.0925344471938576,False,-0.0017645738358433305,-1
2025-02-02 09:36:33,lt-62.jackson.com,INFO,default/pod-5220/container-4430 Network latency within acceptable range,0,,71,0,,-21793.0,0,6,3.121331375690317,False,-0.0007570945605883672,-1
2025-02-16 13:20:47,srv-16.moore.biz,INFO,kube-system/pod-7839/container-6954 Network latency within acceptable range,0,,75,0,,388703.0,0,6,3.21438368695105,False,-0.02871861057661529,-1
2025-02-08 22:11:27,laptop-60.wheeler.com,INFO,default/pod-7109/container-4617 Network latency within acceptable range,0,,71,0,,-61632.0,0,6,3.1408566483821465,False,-0.003585487036024626,-1
2025-02-03 03:01:59,email-84.eaton.com,INFO,production/pod-9326/container-2169 Network latency within acceptable range,0,,74,0,,-1236298.0,0,6,3.0889708318702565,False,-0.013436702966529934,-1
2025-02-03 09:14:21,web-96.villanueva.com,INFO,kube-system/pod-1643/container-6684 Health check passed,0,,55,0,,-78898.0,0,4,3.149858451690053,False,-0.007803367319378307,-1
2025-02-14 15:42:46,db-80.merritt.com,INFO,default/pod-8862/container-8875 Network latency within acceptable range,0,,71,0,,1011870.0,0,6,3.101806102998488,False,-0.0002897968011408847,-1
2025-02-17 02:38:39,srv-30.love-gonzalez.net,INFO,production/pod-6912/container-6363 Network latency within acceptable range,0,,74,0,,1152397.0,0,6,3.081899911008573,False,-0.0010974720620711698,-1
2025-02-02 08:39:04,web-40.peters-hamilton.info,INFO,kube-system/pod-5376/container-9874 Health check passed,0,,55,0,,-244696.0,0,4,3.2097827583446774,False,-0.007803367319378307,-1
2025-02-18 18:17:06,db-43.reyes.biz,INFO,development/pod-6920/container-1740 Network latency within acceptable range,0,,75,0,,-28006.0,0,6,3.1364789387405816,False,-0.001974436802177626,-1
2025-02-07 22:09:23,web-98.andrews-gomez.com,INFO,kube-system/pod-5148/container-4878 Health check passed,0,,55,0,,-523919.0,0,4,3.149858451690053,False,-0.007803367319378307,-1
2025-02-01 18:24:56,web-39.forbes.com,INFO,kube-system/pod-6531/container-9331 Network latency within acceptable range,0,,75,0,,-1432873.0,0,6,3.170439195404326,False,-0.010300048957729069,-1
2025-02-05 16:59:00,web-95.wilson-rogers.com,INFO,development/pod-4374/container-8049 Network latency within acceptable range,0,,75,0,,-157117.0,0,6,3.1110183720087887,False,-0.015404279444295288,-1
2025-02-16 14:53:13,srv-42.griffith-robinson.com,INFO,kube-system/pod-2665/container-3132 Failed login attempt from 192.168.1.1,0,,73,1,192.0,1327344.0,0,6,3.279436274723249,False,-0.002087929814100109,-1
2025-02-13 17:21:37,db-21.murphy-diaz.com,INFO,production/pod-3734/container-4508 Network latency within acceptable range,0,,74,0,,-65156.0,0,6,3.1077045394529574,False,-0.004026436703493785,-1
2025-02-10 10:53:33,db-24.jones.com,INFO,production/pod-8731/container-7315 Network latency within acceptable range,0,,74,0,,742754.0,0,6,3.0889708318702565,False,-0.0015665661455218083,-1
2025-02-06 18:12:12,web-09.lee.com,INFO,development/pod-7406/container-5285 Network latency within acceptable range,0,,75,0,,-705434.0,0,6,3.136478938740581,False,-0.015404279444295288,-1
2025-02-07 15:38:05,desktop-92.johnson.net,INFO,kube-system/pod-6977/container-6165 Health check passed,0,,55,0,,-324894.0,0,4,3.149858451690053,False,-0.007803367319378307,-1
2025-02-09 23:53:01,srv-55.gonzalez-gardner.org,INFO,kube-system/pod-8928/container-2980 Network latency within acceptable range,0,,75,0,,670796.0,0,6,3.151955270589394,False,-0.00910076050006281,-1
2025-02-17 06:23:31,srv-07.franco.org,INFO,default/pod-6354/container-4007 Network latency within acceptable range,0,,71,0,,100954.0,0,6,3.1408566483821465,False,-0.002336790861671545,-1
2025-02-03 21:52:11,lt-28.ruiz.com,INFO,kube-system/pod-1185/container-8140 Network latency within acceptable range,0,,75,0,,-601786.0,0,6,3.170439195404326,False,-0.02871861057661529,-1
2025-02-18 03:48:29,laptop-92.lopez-fuentes.info,INFO,kube-system/pod-8695/container-7928 Health check passed,0,,55,0,,602407.0,0,4,3.1845774063243155,False,-0.007803367319378307,-1
2025-02-12 09:37:52,srv-24.meza-olsen.com,INFO,production/pod-1607/container-6811 Network latency within acceptable range,0,,74,0,,-242357.0,0,6,3.081899911008573,False,-0.013436702966529934,-1
2025-02-08 10:25:01,web-67.henderson-cortez.com,INFO,default/pod-2451/container-4457 Network latency within acceptable range,0,,71,0,,-342771.0,0,6,3.1139616835246193,False,-0.016998195647730863,-1
2025-02-12 21:03:29,db-72.howard.com,INFO,kube-system/pod-7689/container-7686 Health check passed,0,,55,0,,-141762.0,0,4,3.124653099669691,False,-0.007803367319378307,-1
2025-02-06 16:24:33,desktop-11.bradley.biz,INFO,production/pod-4985/container-7056 Network latency within acceptable range,0,,74,0,,-629057.0,0,6,3.1264382470356584,False,-0.013436702966529934,-1
2025-02-13 08:04:45,laptop-50.leon.com,INFO,kube-system/pod-9674/container-4550 Health check passed,0,,55,0,,-589417.0,0,4,3.1845774063243155,False,-0.007803367319378307,-1
2025-02-05 03:32:04,lt-42.johnson.com,INFO,default/pod-3562/container-1939 Network latency within acceptable range,0,,71,0,,-49832.0,0,6,3.1408566483821465,False,-0.016998195647730863,-1
2025-02-19 04:45:44,db-72.cook.org,INFO,production/pod-2592/container-8815 Network latency within acceptable range,0,,74,0,,263104.0,0,6,3.0889708318702565,False,-0.004321201090266014,-1
2025-02-13 06:31:53,laptop-02.allen-miller.com,INFO,kube-system/pod-7713/container-7369 Health check passed,0,,55,0,,1019862.0,0,4,3.149858451690053,False,-0.007803367319378307,-1
2025-02-10 03:36:28,email-56.perkins-boyd.info,INFO,production/pod-9386/container-7150 Network latency within acceptable range,0,,74,0,,-719125.0,0,6,3.1451719546183594,False,-0.013436702966529934,-1
2025-02-03 13:39:32,web-84.anderson.info,INFO,default/pod-7849/container-3249 Network latency within acceptable range,0,,71,0,,-500496.0,0,6,3.1408566483821465,False,-0.0035772877910007495,-1
2025-02-12 03:06:46,web-10.smith.com,INFO,kube-system/pod-4623/container-9348 Network latency within acceptable range,0,,75,0,,-438118.0,0,6,3.195899762136119,False,-0.02871861057661529,-1
2025-02-12 15:20:01,desktop-78.jackson.info,INFO,production/pod-9541/container-9026 Network latency within acceptable range,0,,74,0,,190985.0,0,6,3.1264382470356584,False,-0.005547446328347749,-1
2025-02-03 00:44:28,lt-45.simmons.com,INFO,kube-system/pod-7346/container-3512 Health check passed,0,,55,0,,-856662.0,0,4,3.2097827583446774,False,-0.007803367319378307,-1
2025-02-19 04:02:44,srv-27.allen.biz,INFO,production/pod-2123/container-5687 Network latency within acceptable range,0,,74,0,,411624.0,0,6,3.1264382470356584,False,-0.013436702966529934,-1
2025-02-15 16:25:53,desktop-20.benton-cunningham.com,INFO,development/pod-3504/container-4594 Network latency within acceptable range,0,,75,0,,1147023.0,0,6,3.0925344471938576,False,-0.015404279444295288,-1
2025-02-04 13:27:01,srv-03.atkins.info,INFO,production/pod-1774/container-3930 Network latency within acceptable range,0,,74,0,,-961132.0,0,6,3.1077045394529574,False,-0.013436702966529934,-1
2025-02-18 02:46:34,email-58.flores.com,INFO,kube-system/pod-3714/container-1854 Network latency within acceptable range,0,,75,0,,259288.0,0,6,3.195899762136119,False,-0.02871861057661529,-1
2025-02-03 20:17:47,db-47.pace.com,INFO,kube-system/pod-9922/container-2519 Network latency within acceptable range,0,,75,0,,-719801.0,0,6,3.144978628672533,False,-0.009544421450021545,-1
2025-02-16 12:46:57,web-21.blackwell.com,INFO,development/pod-3538/container-6492 Network latency within acceptable range,0,,75,0,,420156.0,0,6,3.1364789387405807,False,-0.0019910502803154317,-1
2025-02-12 12:26:56,srv-84.acosta.com,INFO,kube-system/pod-9756/container-1122 Network latency within acceptable range,0,,75,0,,914317.0,0,6,3.195899762136119,False,-0.02871861057661529,-1
2025-02-14 11:24:19,db-25.hodge-moran.com,INFO,development/pod-3998/container-5387 Network latency within acceptable range,0,,75,0,,192430.0,0,6,3.0995110891107176,False,-0.015404279444295288,-1
2025-02-17 07:00:19,email-28.ramirez.com,INFO,development/pod-2187/container-4832 Network latency within acceptable range,0,,75,0,,243360.0,0,6,3.1179950139256496,False,-0.015404279444295288,-1
2025-02-16 04:20:33,web-28.sosa-morales.info,INFO,kube-system/pod-7643/container-2815 Network latency within acceptable range,0,,75,0,,653489.0,0,6,3.232867611765982,False,-0.010059866587582622,-1
2025-02-04 05:31:06,lt-10.casey.com,INFO,default/pod-2611/container-5036 Network latency within acceptable range,0,,71,0,,-1032567.0,0,6,3.1408566483821465,False,-0.016998195647730863,-1
2025-02-07 08:56:58,email-76.webb.com,INFO,kube-system/pod-8045/container-1364 Network latency within acceptable range,0,,75,0,,-250194.0,0,6,3.21438368695105,False,-0.02871861057661529,-1
2025-02-13 17:23:57,srv-92.goodwin-spencer.com,INFO,development/pod-9405/container-1936 Network latency within acceptable range,0,,75,0,,783617.0,0,6,3.1364789387405816,False,-0.015404279444295288,-1
2025-02-07 17:39:25,lt-61.shields.com,INFO,default/pod-1894/container-3470 Network latency within acceptable range,0,,71,0,,-549496.0,0,6,3.160381921073976,False,-0.016998195647730863,-1
2025-02-18 10:12:08,laptop-63.hughes.org,INFO,production/pod-4833/container-3114 Network latency within acceptable range,0,,74,0,,1212832.0,0,6,3.063166203425872,False,-0.013436702966529934,-1
2025-02-09 04:04:44,srv-67.bowers.com,INFO,default/pod-6349/container-5108 Network latency within acceptable range,0,,71,0,,-608758.0,0,6,3.1799071937658057,False,-0.016998195647730863,-1
2025-02-09 12:34:27,db-41.brewer.info,INFO,kube-system/pod-5749/container-7457 Network latency within acceptable range,0,,75,0,,417993.0,0,6,3.151955270589395,False,-0.00910076050006281,-1
2025-02-16 17:39:48,web-49.ford-robinson.info,INFO,production/pod-4735/container-2200 Network latency within acceptable range,0,,74,0,,482916.0,0,6,3.1077045394529574,False,-0.009014985688584998,-1
2025-02-16 19:19:26,srv-71.martinez.com,INFO,development/pod-3759/container-4426 Network latency within acceptable range,0,,75,0,,1167091.0,0,6,3.136478938740581,False,-0.0004547781361434744,-1
2025-02-16 07:38:36,laptop-55.leon.com,INFO,production/pod-1268/container-9597 Network latency within acceptable range,0,,74,0,,369040.0,0,6,3.1264382470356584,False,-0.013436702966529934,-1
2025-02-08 12:02:29,email-11.macdonald-henry.biz,INFO,kube-system/pod-4375/container-4620 Network latency within acceptable range,0,,75,0,,17437.0,0,6,3.21438368695105,False,-0.02871861057661529,-1
2025-02-18 11:03:05,laptop-29.everett-castro.com,INFO,default/pod-6193/container-9257 Network latency within acceptable range,0,,71,0,,1238387.0,0,6,3.160381921073976,False,-0.0024460850480373386,-1
2025-02-20 14:57:55,laptop-77.murillo.biz,INFO,kube-system/pod-7468/container-5632 Network latency within acceptable range,0,,75,0,,988295.0,0,6,3.21438368695105,False,-0.02871861057661529,-1
2025-02-06 08:11:10,srv-78.barnes.com,INFO,kube-system/pod-9361/container-9945 Network latency within acceptable range,0,,75,0,,-743005.0,0,6,3.188923120219258,False,-0.00910076050006281,-1
2025-02-13 21:26:59,web-44.huffman.com,INFO,default/pod-6452/container-5873 Network latency within acceptable range,0,,71,0,,293869.0,0,6,3.160381921073976,False,-0.016998195647730863,-1
2025-02-06 23:01:04,db-93.acosta-robertson.com,INFO,default/pod-7228/container-8617 Network latency within acceptable range,0,,71,0,,-867713.0,0,6,3.1213313756903167,False,-0.016998195647730863,-1
2025-02-18 18:30:52,db-51.ramos.com,INFO,kube-system/pod-7983/container-8437 Network latency within acceptable range,0,,75,0,,584117.0,0,6,3.177415837321187,False,-0.01660654206063933,-1
2025-02-05 23:57:27,email-51.graves-durham.com,INFO,development/pod-6283/container-1571 Network latency within acceptable range,0,,75,0,,-394166.0,0,6,3.136478938740581,False,-0.015404279444295288,-1
2025-02-13 20:51:31,srv-05.taylor.com,INFO,default/pod-7396/container-3541 Network latency within acceptable range,0,,71,0,,680044.0,0,6,3.160381921073976,False,-0.016998195647730863,-1
2025-02-01 11:50:25,desktop-26.jones.com,INFO,default/pod-4331/container-9181 Network latency within acceptable range,0,,71,0,,-272987.0,0,6,3.1139616835246193,False,-0.016998195647730863,-1
2025-02-04 13:28:25,web-55.morris.biz,INFO,development/pod-9963/container-5861 Network latency within acceptable range,0,,75,0,,-1123006.0,0,6,3.1179950139256496,False,-0.015404279444295288,-1
2025-02-14 16:24:07,desktop-49.vazquez-garrett.com,INFO,default/pod-5429/container-3135 Network latency within acceptable range,0,,71,0,,-78442.0,0,6,3.1408566483821465,False,-0.0002897968011408847,-1
2025-02-20 16:05:02,lt-75.guzman.com,INFO,kube-system/pod-9947/container-6749 Health check passed,0,,55,0,,486544.0,0,4,3.124653099669691,False,-0.007803367319378307,-1
2025-02-15 21:01:02,laptop-94.johnson.com,INFO,development/pod-5563/container-7492 Network latency within acceptable range,0,,75,0,,692135.0,0,6,3.1364789387405807,False,-0.0015054928825480318,-1
2025-02-18 13:49:52,email-88.larsen-hernandez.net,INFO,development/pod-1037/container-3452 Network latency within acceptable range,0,,75,0,,176682.0,0,6,3.1364789387405816,False,-0.015404279444295288,-1
2025-02-02 10:28:49,laptop-98.perry-smith.org,INFO,kube-system/pod-4127/container-3329 Network latency within acceptable range,0,,75,0,,9486.0,0,6,3.1958997621361185,False,-0.012512840564025796,-1
2025-02-15 16:12:53,desktop-12.ross.com,INFO,production/pod-6549/container-4689 Network latency within acceptable range,0,,74,0,,-9021.0,0,6,3.0889708318702565,False,-0.013436702966529934,-1
2025-02-19 17:31:27,laptop-61.reese-miranda.com,INFO,kube-system/pod-4043/container-1138 Network latency within acceptable range,0,,75,0,,1271950.0,0,6,3.1774158373211865,False,-0.02871861057661529,-1
2025-02-09 11:41:55,srv-49.gutierrez-stevenson.com,INFO,kube-system/pod-9471/container-6937 Health check passed,0,,55,0,,-853379.0,0,4,3.1845774063243155,False,-0.007803367319378307,-1
2025-02-01 18:24:58,web-36.vega.biz,INFO,kube-system/pod-7602/container-8274 Health check passed,0,,55,0,,-550228.0,0,4,3.1845774063243155,False,-0.007803367319378307,-1
2025-02-09 18:23:54,srv-65.castillo.com,INFO,default/pod-3129/container-9547 Network latency within acceptable range,0,,71,0,,173327.0,0,6,3.160381921073976,False,-0.016998195647730863,-1
2025-02-04 06:19:24,laptop-72.rodriguez.com,INFO,kube-system/pod-2747/container-2774 Network latency within acceptable range,0,,75,0,,-419887.0,0,6,3.121964062876392,False,-0.004355088095028492,-1
2025-02-03 18:35:59,email-41.rivera.com,INFO,production/pod-8534/container-3313 Network latency within acceptable range,0,,74,0,,-206727.0,0,6,3.0702371242875546,False,-0.00022374193182284063,-1
2025-02-07 08:37:58,lt-22.schultz.com,INFO,production/pod-7048/container-4796 Network latency within acceptable range,0,,74,0,,-1008204.0,0,6,3.1077045394529574,False,-0.013436702966529934,-1
2025-02-04 13:21:43,db-49.dudley.biz,INFO,kube-system/pod-3485/container-4034 Network latency within acceptable range,0,,75,0,,-1152433.0,0,6,3.170439195404326,False,-0.02871861057661529,-1
2025-02-09 19:16:43,laptop-23.dawson.com,INFO,kube-system/pod-7878/container-3223 Health check passed,0,,55,0,,750229.0,0,4,3.1341667022835917,False,-0.007803367319378307,-1
2025-02-09 06:21:42,web-46.davis-harrison.com,INFO,default/pod-3662/container-3882 Network latency within acceptable range,0,,71,0,,199009.0,0,6,3.1018061029984874,False,-0.0028830809067897922,-1
2025-02-14 12:06:51,laptop-73.mejia.info,INFO,production/pod-7098/container-1769 Network latency within acceptable range,0,,74,0,,578949.0,0,6,3.1077045394529574,False,-0.013436702966529934,-1
2025-02-15 12:07:38,desktop-78.crosby-thompson.com,INFO,kube-system/pod-1239/container-4984 Health check passed,0,,55,0,,417913.0,0,4,3.1845774063243155,False,-0.007803367319378307,-1
2025-02-06 12:54:04,srv-66.nelson-navarro.com,INFO,kube-system/pod-5621/container-4621 Network latency within acceptable range,0,,75,0,,140962.0,0,6,3.177415837321187,False,-0.009340293732581662,-1
2025-02-02 22:59:48,lt-07.mitchell-grant.org,INFO,default/pod-9184/container-9019 Network latency within acceptable range,0,,71,0,,3673.0,0,6,3.1139616835246193,False,-0.016998195647730863,-1
2025-02-18 08:20:59,email-68.horton.com,INFO,default/pod-3273/container-6851 Network latency within acceptable range,0,,71,0,,990927.0,0,6,3.160381921073976,False,-0.001507556624408657,-1
2025-02-15 18:01:06,laptop-92.massey-lynn.org,INFO,kube-system/pod-4922/container-8861 Network latency within acceptable range,0,,75,0,,1187715.0,0,6,3.1958997621361185,False,-0.009340293732581662,-1
2025-02-16 06:32:41,srv-27.morris-stevens.com,INFO,kube-system/pod-7356/container-5976 Health check passed,0,,55,0,,952943.0,0,4,3.1593720543039536,False,-0.007803367319378307,-1
2025-02-01 12:50:18,desktop-13.hodges.net,INFO,development/pod-4547/container-8730 Network latency within acceptable range,0,,75,0,,-359884.0,0,6,3.1179950139256496,False,-0.015404279444295288,-1
2025-02-07 14:27:12,laptop-52.little.biz,INFO,kube-system/pod-4235/container-4120 Network latency within acceptable range,0,,75,0,,-536683.0,0,6,3.195899762136119,False,-0.009340293732581662,-1
2025-02-05 04:27:32,web-69.brown.org,INFO,production/pod-2602/container-8141 Network latency within acceptable range,0,,74,0,,-1197995.0,0,6,3.1077045394529574,False,-0.013436702966529934,-1
2025-02-16 08:58:17,laptop-53.anderson-johnson.net,INFO,production/pod-4459/container-3846 Network latency within acceptable range,0,,74,0,,554649.0,0,6,3.100633618591274,False,-0.0013315885469152855,-1
2025-02-04 07:32:20,web-85.miller.com,INFO,kube-system/pod-1094/container-4563 Network latency within acceptable range,0,,75,0,,82788.0,0,6,3.21438368695105,False,-0.02871861057661529,-1
2025-02-16 04:30:38,email-88.gregory.com,INFO,production/pod-3866/container-3124 Network latency within acceptable range,0,,74,0,,579126.0,0,6,3.1077045394529574,False,-0.013436702966529934,-1
2025-02-09 02:13:44,laptop-16.rivera.org,INFO,production/pod-9577/container-1662 Network latency within acceptable range,0,,74,0,,-713986.0,0,6,3.1077045394529574,False,-0.013436702966529934,-1
2025-02-07 19:05:03,db-97.miller.com,INFO,kube-system/pod-3215/container-3151 Network latency within acceptable range,0,,75,0,,-730323.0,0,6,3.151955270589395,False,-0.009340293732581662,-1
2025-02-01 20:46:57,lt-80.thomas.net,INFO,default/pod-4733/container-2809 Network latency within acceptable range,0,,71,0,,-43044.0,0,6,3.160381921073976,False,-0.016998195647730863,-1
2025-02-02 15:22:30,desktop-86.gould-clarke.com,INFO,kube-system/pod-7736/container-8657 Network latency within acceptable range,0,,75,0,,-1415440.0,0,6,3.170439195404326,False,-0.02871861057661529,-1
2025-02-08 21:43:10,db-40.coleman-phillips.com,INFO,kube-system/pod-5436/container-6187 Network latency within acceptable range,0,,75,0,,547876.0,0,6,3.21438368695105,False,-0.009340293732581662,-1
2025-02-04 15:39:14,web-51.martin.com,INFO,default/pod-4270/container-4405 Network latency within acceptable range,0,,71,0,,28314.0,0,6,3.1139616835246193,False,-0.0002897968011408847,-1
2025-02-06 05:53:53,laptop-13.reyes-harrington.net,INFO,default/pod-3221/container-3369 Network latency within acceptable range,0,,71,0,,-977751.0,0,6,3.1139616835246193,False,-0.016998195647730863,-1
2025-02-05 17:38:31,laptop-23.knapp.net,INFO,default/pod-2900/container-7867 Network latency within acceptable range,0,,71,0,,-515971.0,0,6,3.1408566483821465,False,-0.016998195647730863,-1
2025-02-03 10:50:00,laptop-48.gutierrez-johnson.com,INFO,kube-system/pod-4635/container-8086 Network latency within acceptable range,0,,75,0,,-986572.0,0,6,3.1958997621361185,False,-0.02871861057661529,-1
2025-02-12 11:08:05,srv-98.dennis.info,INFO,kube-system/pod-4323/container-8046 Network latency within acceptable range,0,,75,0,,-45828.0,0,6,3.195899762136118,False,-0.009544421450021545,-1
2025-02-06 02:09:36,db-34.jones.org,INFO,default/pod-9862/container-8091 Network latency within acceptable range,0,,71,0,,-568134.0,0,6,3.1408566483821465,False,-0.016998195647730863,-1
2025-02-16 15:35:41,web-90.dickerson-craig.info,INFO,production/pod-8602/container-9958 Network latency within acceptable range,0,,74,0,,654626.0,0,6,3.1077045394529574,False,-0.013436702966529934,-1
2025-02-20 10:36:33,db-13.dyer-wheeler.org,INFO,development/pod-3389/container-6181 Network latency within acceptable range,0,,75,0,,927772.0,0,6,3.099511089110718,False,-0.0008550663703551509,-1
2025-02-18 09:30:18,laptop-13.johnson.com,INFO,kube-system/pod-3187/container-4522 Network latency within acceptable range,0,,75,0,,1128603.0,0,6,3.2143836869510505,False,-0.012709738634208267,-1
2025-02-14 20:01:50,db-34.tran.com,INFO,kube-system/pod-8006/container-8795 Health check passed,0,,55,0,,-268672.0,0,4,3.1845774063243155,False,-0.007803367319378307,-1
2025-02-14 01:06:58,lt-35.macias.info,INFO,kube-system/pod-2147/container-8360 Network latency within acceptable range,0,,75,0,,800150.0,0,6,3.232867611765982,False,-0.009340293732581662,-1
2025-02-20 00:43:30,db-41.wolfe.org,INFO,default/pod-8101/container-3754 Network latency within acceptable range,0,,71,0,,1230016.0,0,6,3.160381921073976,False,-0.016998195647730863,-1
2025-02-06 16:40:20,db-04.bradley.com,INFO,production/pod-2056/container-5122 Network latency within acceptable range,0,,74,0,,-474489.0,0,6,3.081899911008573,False,-0.0010974720620711698,-1
2025-02-14 17:54:04,db-93.bridges.com,INFO,default/pod-1668/container-3502 Network latency within acceptable range,0,,71,0,,695624.0,0,6,3.160381921073976,False,-5.6384939938869394e-05,-1
2025-02-05 04:42:16,db-15.stewart.net,INFO,development/pod-9258/container-1013 Network latency within acceptable range,0,,75,0,,159014.0,0,6,3.136478938740581,False,-0.015404279444295288,-1
2025-02-11 03:38:34,lt-08.miller.info,INFO,development/pod-9080/container-5284 Network latency within acceptable range,0,,75,0,,-730939.0,0,6,3.1179950139256496,False,-0.015404279444295288,-1
2025-02-13 08:07:13,lt-48.perez.com,INFO,production/pod-4751/container-1152 Network latency within acceptable range,0,,74,0,,35408.0,0,6,3.081899911008573,False,-0.013436702966529934,-1
2025-02-02 14:21:10,email-83.taylor.com,INFO,kube-system/pod-6400/container-9340 Health check passed,0,,55,0,,65171.0,0,4,3.149858451690053,False,-0.007803367319378307,-1
2025-02-06 04:42:32,db-40.jones.com,INFO,development/pod-3035/container-3462 Network latency within acceptable range,0,,75,0,,-948568.0,0,6,3.1110183720087887,False,-0.015404279444295288,-1
2025-02-16 01:57:52,laptop-55.foster.org,INFO,production/pod-8136/container-5871 Network latency within acceptable range,0,,74,0,,620589.0,0,6,3.1077045394529574,False,-0.002504549921213739,-1
2025-02-13 14:02:51,laptop-62.mcintyre.com,INFO,kube-system/pod-5803/container-6338 Health check passed,0,,55,0,,535484.0,0,4,3.149858451690053,False,-0.007803367319378307,-1
2025-02-05 02:21:48,lt-76.perkins-williams.com,INFO,default/pod-5863/container-2329 Network latency within acceptable range,0,,71,0,,-128590.0,0,6,3.1408566483821465,False,-0.003996533793319101,-1
2025-02-17 02:50:28,web-34.king.info,INFO,default/pod-3921/container-8811 Network latency within acceptable range,0,,71,0,,1139644.0,0,6,3.1139616835246193,False,-0.016998195647730863,-1
2025-02-08 00:47:42,web-95.wong.biz,INFO,kube-system/pod-3225/container-1950 Network latency within acceptable range,0,,75,0,,154881.0,0,6,3.195899762136118,False,-0.004355088095028492,-1
2025-02-06 15:13:50,desktop-59.brown.com,INFO,kube-system/pod-1930/container-8167 Health check passed,0,,55,0,,-942110.0,0,4,3.2097827583446774,False,-0.007803367319378307,-1
2025-02-07 20:30:28,lt-38.johnston.org,INFO,kube-system/pod-9284/container-9922 Network latency within acceptable range,0,,75,0,,-44994.0,0,6,3.144978628672534,False,-0.012904503201576767,-1
2025-02-03 21:57:04,desktop-41.gonzales.com,INFO,production/pod-9191/container-2803 Network latency within acceptable range,0,,74,0,,-340404.0,0,6,3.1077045394529574,False,-0.013436702966529934,-1
2025-02-14 03:26:38,db-25.brown.net,INFO,development/pod-7407/container-4901 Network latency within acceptable range,0,,75,0,,-340211.0,0,6,3.0995110891107176,False,-0.000176054749514154,-1
2025-02-15 02:25:47,email-18.watkins.info,INFO,default/pod-3288/container-9882 Network latency within acceptable range,0,,71,0,,295973.0,0,6,3.082280830306658,False,-0.016998195647730863,-1
2025-02-11 22:51:49,srv-20.barnes.org,INFO,production/pod-7540/container-2658 Network latency within acceptable range,0,,74,0,,-141983.0,0,6,3.1264382470356584,False,-0.0010974720620711698,-1
2025-02-18 06:09:07,db-79.ortiz-lopez.net,INFO,kube-system/pod-3938/container-9289 Network latency within acceptable range,0,,75,0,,97996.0,0,6,3.151955270589394,False,-0.009340293732581662,-1
2025-02-10 08:48:08,laptop-03.taylor.org,INFO,kube-system/pod-8476/container-4772 Network latency within acceptable range,0,,75,0,,186687.0,0,6,3.170439195404326,False,-0.02871861057661529,-1
2025-02-05 04:35:09,srv-20.williams-hall.org,INFO,production/pod-9937/container-5374 Network latency within acceptable range,0,,74,0,,-1092589.0,0,6,3.0889708318702565,False,-0.013436702966529934,-1
2025-02-19 09:53:58,lt-57.ruiz-gonzalez.info,INFO,production/pod-1307/container-8562 Network latency within acceptable range,0,,74,0,,1093071.0,0,6,3.1451719546183594,False,-0.002809288800724674,-1
2025-02-15 19:07:20,srv-71.rivera.info,INFO,default/pod-8634/container-4282 Network latency within acceptable range,0,,71,0,,1239745.0,0,6,3.121331375690317,False,-0.0007570945605883672,-1
2025-02-16 00:13:04,email-23.webb.com,INFO,kube-system/pod-1038/container-6341 Network latency within acceptable range,0,,75,0,,107727.0,0,6,3.195899762136119,False,-0.02871861057661529,-1
2025-02-11 21:39:56,laptop-80.ellis.com,INFO,development/pod-6835/container-1367 Network latency within acceptable range,0,,75,0,,579168.0,0,6,3.1179950139256496,False,-0.0013231295548716826,-1
2025-02-19 19:41:41,lt-26.boyd.net,INFO,kube-system/pod-2519/container-4693 Network latency within acceptable range,0,,75,0,,6056.0,0,6,3.21438368695105,False,-0.009544421450021545,-1
2025-02-18 10:17:24,laptop-78.glover-butler.com,INFO,default/pod-7099/container-9854 Network latency within acceptable range,0,,71,0,,485991.0,0,6,3.1334869562164487,False,-0.0002897968011408847,-1
2025-02-04 00:19:17,db-89.west.net,INFO,development/pod-7652/container-1809 Network latency within acceptable range,0,,75,0,,-1410072.0,0,6,3.1549628635555127,False,-0.0003453012530293398,-1
2025-02-09 06:23:40,lt-95.barnes-young.com,INFO,development/pod-2237/container-4622 Network latency within acceptable range,0,,75,0,,-63985.0,0,6,3.0810271642957856,False,-0.015404279444295288,-1
2025-02-11 04:51:19,lt-03.marshall.com,INFO,kube-system/pod-7858/container-1432 Network latency within acceptable range,0,,75,0,,-564205.0,0,6,3.21438368695105,False,-0.02871861057661529,-1
2025-02-07 15:56:48,desktop-17.hernandez-allen.org,INFO,kube-system/pod-9463/container-1390 Network latency within acceptable range,0,,75,0,,-1021121.0,0,6,3.195899762136119,False,-0.02871861057661529,-1
2025-02-19 17:15:54,web-13.adams-chambers.com,INFO,kube-system/pod-2769/container-9677 Health check passed,0,,55,0,,998022.0,0,4,3.124653099669691,False,-0.007803367319378307,-1
2025-02-01 05:55:53,db-56.benson.com,INFO,default/pod-5498/container-6674 Network latency within acceptable range,0,,71,0,,-1599441.0,0,6,3.1408566483821465,False,-0.016998195647730863,-1
2025-02-17 05:30:51,laptop-05.walker.com,INFO,production/pod-1513/container-4452 Network latency within acceptable range,0,,74,0,,-143451.0,0,6,3.0889708318702565,False,-0.001004579908273573,-1
2025-02-18 06:30:17,lt-86.taylor.biz,INFO,kube-system/pod-9299/container-8768 Health check passed,0,,55,0,,966119.0,0,4,3.149858451690053,False,-0.007803367319378307,-1
2025-02-02 21:33:47,srv-71.wiley.com,INFO,default/pod-5954/container-7805 Network latency within acceptable range,0,,71,0,,-1060707.0,0,6,3.1334869562164487,False,-0.002824792118281516,-1
2025-02-01 09:38:00,db-23.lloyd.com,INFO,production/pod-5292/container-8104 Network latency within acceptable range,0,,74,0,,-129347.0,0,6,3.1264382470356584,False,-0.013436702966529934,-1
2025-02-16 18:46:29,db-47.hudson.com,INFO,production/pod-7435/container-4499 Network latency within acceptable range,0,,74,0,,-213639.0,0,6,3.081899911008573,False,-0.013436702966529934,-1
2025-02-14 03:10:59,lt-76.martinez.net,INFO,default/pod-2727/container-6299 Network latency within acceptable range,0,,71,0,,-502094.0,0,6,3.09443641083279,False,-0.004001138824198225,-1
2025-02-20 06:19:24,email-08.johnson.com,INFO,kube-system/pod-4975/container-8428 Health check passed,0,,55,0,,703781.0,0,4,3.1845774063243155,False,-0.007803367319378307,-1
2025-02-16 21:29:27,desktop-69.hart-meza.org,INFO,production/pod-2249/container-5955 Network latency within acceptable range,0,,74,0,,1069982.0,0,6,3.063166203425872,False,-0.013436702966529934,-1
2025-02-11 13:40:49,web-57.wall.org,INFO,default/pod-3731/container-5681 Network latency within acceptable range,0,,71,0,,-749830.0,0,6,3.1408566483821465,False,-5.6384939938869394e-05,-1
2025-02-13 16:42:25,lt-46.thomas.net,INFO,kube-system/pod-1225/container-1895 Network latency within acceptable range,0,,75,0,,177520.0,0,6,3.177415837321187,False,-0.02871861057661529,-1
2025-02-11 03:06:07,db-73.garcia-martin.org,INFO,kube-system/pod-8728/container-5589 Network latency within acceptable range,0,,75,0,,-221281.0,0,6,3.1704391954043256,False,-0.011745600981614646,-1
2025-02-07 23:10:09,desktop-70.horton.com,INFO,development/pod-6157/container-4293 Network latency within acceptable range,0,,75,0,,-302496.0,0,6,3.1549628635555127,False,-0.015404279444295288,-1
2025-02-06 19:31:26,srv-29.pierce.org,INFO,kube-system/pod-9400/container-7743 Network latency within acceptable range,0,,75,0,,-547100.0,0,6,3.1774158373211865,False,-0.02871861057661529,-1
2025-02-02 07:00:46,db-99.adkins.com,INFO,kube-system/pod-2160/container-8777 Network latency within acceptable range,0,,75,0,,107546.0,0,6,3.188923120219258,False,-0.02871861057661529,-1
2025-02-09 02:20:07,lt-63.washington.com,INFO,kube-system/pod-3098/container-7578 Health check passed,0,,55,0,,-442508.0,0,4,3.1845774063243155,False,-0.007803367319378307,-1
2025-02-02 06:09:01,db-10.powell-snyder.com,INFO,production/pod-5257/container-4004 Network latency within acceptable range,0,,74,0,,-745386.0,0,6,3.0889708318702565,False,-0.013436702966529934,-1
2025-02-03 03:14:54,srv-47.hunter.com,INFO,default/pod-9546/container-5626 Network latency within acceptable range,0,,71,0,,-288646.0,0,6,3.1139616835246193,False,-0.0002897968011408847,-1
